recipe_id,totalCO2,greenness
79222,4.461426,3.5795527662867213
78274,4.9746532000000006,3.4761279551448947
207860,1.56462,4.57481333781448
33096,1.740112,4.473839780976996
211570,19.3521822,2.185825989583136
54550,39.50115589999999,1.5080957070804144
98783,1.1916488,4.833458052763121
152116,13.546258500000002,2.5246269518094646
21132,3.9514932,3.694838822635971
32082,2.3031754,4.207563895992609
9054,2.271128,4.220873121606449
367376,32.58374666666666,1.6909543305843666
17083,2.8837812,3.99402825449458
135585,1.841830915,4.419879066768539
12572,4.5016951,3.5710179647180285
139213,2.516084,4.123584347917226
86858,32.380432299999995,1.696899625175128
8507,4.0342512,3.67515144027904
96367,2.768788,4.032679548823436
93886,3.1369495,3.9141011402342274
156341,1.0514165,4.95237692009713
49461,5.0978038,3.452900555147953
26706,1.3676231250000002,4.7026313010385925
69213,1.731584,4.478506205258177
273976,1.607212,4.549302671031149
211997,1.7550455000000005,4.465723158521052
21936,47.9759929,1.323475650169034
155480,3.203409,3.894188125810609
65266,12.343994166666668,2.6129052562803943
45539,1.0460982083333332,4.9571935792418085
86940,4.19100575,3.6389437255270822
96886,9.1233882,2.9000671368709807
171002,1.829013,4.426512388786621
69243,6.570532000000001,3.211846871128813
227257,3.104013573333333,3.924126504305696
169916,1.4517513199999998,4.645929662995297
283034,5.068019075,3.458466387821755
53594,2.7321579,4.04532938778049
50022,3.5916260000000007,3.785537083423218
79378,1.047069,4.95631253037805
9004,5.491735,3.382200194024093
12044,34.7876016,1.6287900955187664
169475,1.6824391333333333,4.505853826030999
58224,98.894497,0.6364102909743193
89503,4.039964,3.673807355635403
96087,1.466676,4.636214775421096
3579,2.3244162,4.198844292378737
119804,2.0105198,4.336642088622711
61800,3.1301868,3.916151022875404
345232,1.800857,4.441247941908703
30081,33.331268816666665,1.6694098427668784
449452,2.38556,4.1741818570780245
79944,20.497158,2.131228512465311
11040,2.2556488,4.227369016212065
29121,1.4801688,4.627516649283903
110806,3.9300894,3.699997713821179
130073,11.88835525,2.6486287827887534
97553,2.7120868,4.052332859066072
31811,1.086848375,4.920895795790263
269324,1.38275325,4.692180908225116
131426,2.126503,4.283370108318826
3470,13.735907,2.5114214346033266
16109,1.4536,4.644720900454216
65758,6.287193300000001,3.2537156133471608
49047,11.137426,2.710603782509213
96485,4.874103,3.4955231652606398
133524,17.944074,2.2575814760024
143719,27.5989568,1.8486606591098624
228641,4.76233033,3.517558346585119
88290,1.2225288,4.809157866095786
141789,2.16628424,4.265765383892407
120343,4.181521,3.641095750849536
376,1.4992496,4.615350619693501
115503,10.065899,2.8066869066189843
20763,2.9211808,3.98178909956612
36984,1.9001593,4.390265526582145
86868,4.85266865,3.4997093669416257
76294,2.176796,4.261167518225051
291758,1.6685755000000002,4.513713075314366
88453,11.2636985,2.699895460900348
26076,3.287264,3.86964435738513
232118,2.3115138,4.204131332430838
87461,1.4206286,4.666513697773846
97606,6.22996435,3.2624010354374704
102631,1.42332394,4.66471329700811
14569,1.1444196,4.871869623219144
52569,7.154515,3.130969598289779
26168,1.02710325,4.974599092698513
834,1.328767875,4.730007600891167
4861,1.6312852000000002,4.535181323396306
8596,7.9403216,3.031987220608404
92649,1.95856872,4.361508118185614
15646,3.0554828,3.939094334312077
66241,2.30856,4.205345867556185
226737,1.7119954000000002,4.489312475605777
17326,3.4926420000000005,3.8120816799836255
21155,1.61471925,4.544876346602558
216237,53.609565,1.218018619132289
15826,3.2229528,3.888410851041055
45246,9.573953,2.8542804372298543
47594,2.4282172,4.157347537214924
161043,5.692195,3.348147016094241
4779,1.6953375,4.498599722499298
130046,3.5628977,3.7931650605460825
150384,6.2123116,3.265096233464953
102734,1.8661874,4.407400726156139
9494,3.316365333333333,3.8612727113403302
47521,1.3814537,4.693074008695435
25502,7.014567,3.1497332322807394
96499,2.322069,4.199803921507924
64435,1.461584365,4.639517906883954
301754,34.8993182,1.6257446932981368
41020,1.512988,4.606686433233485
187621,4.672583675,3.5356288924108927
17031,6.0872037500000005,3.2844198934761937
113223,3.606968000000001,3.781488409476813
56704,7.120293666666667,3.135523727095638
99023,2.1443190000000003,4.275445476404852
45691,1.5471237083333331,4.585494650124034
72680,3.62881,3.7757540312441984
279261,7.688789874999999,3.062562738877741
201364,2.146034,4.274686114216297
11217,7.577067800000001,3.07646557440031
19912,9.267909499999998,2.88513897719754
247601,2.554868233333333,4.109054803168426
97774,1.796424,4.443588942020051
91292,2.558578,4.1076766076793625
22164,7.1194137500000005,3.1356411136420324
72654,1.166787,4.853484432405367
277379,11.44861625,2.684428512170095
82466,3.9931708,3.684873095341862
52035,1.382725,4.6922003137794
117211,2.426288333333333,4.158102342752132
21320,1.6840239,4.504959554599177
267249,6.2433711,3.260359208527682
268753,2.983228,3.961825465371197
1356,34.824553800000004,1.627781694892634
19513,4.1393450000000005,3.650724689658434
190896,1.537356,4.591510404065142
22539,9.9561714,2.817097826185805
302830,1.9770197,4.35260195203286
134854,1.487194,4.623019195561779
138810,26.762895,1.8778790456696624
239592,2.0740965,4.307071522568222
143547,2.9128609,3.984498210061964
18124,2.7930911,4.024378733710692
268199,33.69725424999999,1.6590372742270818
110223,2.919512,3.9823318720034258
12501,1.0235345,4.977905112596331
62542,1.78214175,4.451170662740315
70207,2.0130685,4.335438763212917
15968,1.7373806,4.475331877873161
136338,1.897211,4.391740440444319
113193,2.81273832,4.017720778717894
246602,5.5462265,3.372821955737604
17586,36.971902,1.570947873061009
13181,1.1854233333333333,4.838433228104743
152218,3.69859075,3.757662444244557
105422,5.01563195,3.46833573694708
34255,48.006363,1.3228745696151207
106555,12.027349,2.637588127896755
99156,8.699133833333335,2.9452961444848205
81311,7.7932662000000015,3.04974316199854
13303,2.43182,4.155939291341745
14433,1.05463,4.94947831846442
4368,5.220482475,3.4303134894087823
266427,3.4521,3.8231716873307615
272181,5.603470000000001,3.3630688081357567
9970,17.9690118,2.2562623589596638
305800,64.04444587500001,1.0490907725406031
51459,1.988079,4.347303456042217
3057,1.9108055,4.384958654004456
56451,34.0059099,1.6503767113131964
42861,2.3364036666666665,4.193958399975028
299527,8.391531,2.9794906338547857
161440,1.010758365,4.989835912813515
67085,6.406253,3.235896921494943
119544,1.8315704,4.42518521965295
123920,1.8671666666666664,4.406902439050424
24511,1.4310416,4.659576942892091
92660,2.2358260000000003,4.235753121020898
276257,4.160095999999999,3.6459749594633695
133329,8.418318193333333,2.97646343040534
15280,17.989485700000003,2.2551807334160485
175079,1.012914365,4.987812024752373
162686,1.9979,4.342622878649428
99866,2.1826096999999995,4.258634120161395
129984,2.775424,4.030405788921802
111829,1.4806178,4.627228566646168
51144,2.5934175,4.094830223499366
73362,1.000576,4.9994530529452685
202416,3.992276,3.6850859605107193
52087,3.24519535,3.881878279481496
60781,4.21912938,3.632591178808677
36123,1.72939,4.479710453973674
256081,1.3845,4.690981796221405
95734,37.20518499999999,1.564973496445695
52491,2.872466,3.997762485708476
25962,2.167438933333333,4.265259229104379
97674,1.104254,4.905804937690814
28303,1.132649,4.881689458480667
48769,2.01124,4.336301903873423
5245,1.3325745,4.7272904266444415
8650,1.999849,4.341696743862361
11923,6.045048,3.291020669576705
206246,1.727643,4.480670445199773
29141,2.8827096,3.994381274204324
30965,1.614438,4.545041802093641
33016,4.6896164,3.532172806394203
33130,6.1965650000000005,3.267506873750333
37929,1.715479475,4.48738143586319
55680,6.029175,3.2935180110002444
69450,3.334725,3.856028853666036
222519,10.601677,2.757429618761005
4075,1.069505,4.936175005568085
103085,5.6863,3.349131201390444
6602,1.771502,4.456858362728306
57763,3.5077647999999995,3.8079778680192895
169085,6.160921,3.2729863034501423
324802,1.6729075,4.511250285876477
15003,3.32083745,3.859992723184844
166030,1.128344,4.885306490138469
75659,1.669601,4.513129490167422
160379,1.325204,4.732558564452288
33245,3.258518,3.877986863289388
71258,2.8755828,3.9967324165637335
39446,2.6015984000000003,4.091838700066765
41570,6.458593874999998,3.228168040850509
170022,5.9736096,3.302312353638376
25735,5.132410550000001,3.4464743352007856
57113,5.747859999999999,3.338903538867973
70224,94.9179578,0.6753921354975955
155018,1.429121875,4.660851989548136
195193,1.4203156,4.666722993077176
313325,6.6640988,3.1984162830524268
192894,2.131412,4.281179957188518
23715,3.4396886666666666,3.826592779735109
132330,95.363674,0.6709423385531338
1133,5.612674,3.3615099342631503
22349,63.6229724,1.0553622461162515
158634,7.498692800000001,3.0863415516582764
29255,4.123925,3.65426964510647
175034,10.762784,2.743104159648908
16696,4.4540088,3.58113319680959
51861,1.6187269,4.542521827473521
63100,3.9381111,3.698060984198239
152719,4.958921999999999,3.479136347516792
70329,9.12411895,2.8999910616664155
42151,14.110912,2.485837604116542
122481,4.476494000000001,3.576350205314039
29817,3.4367533333333333,3.827403687605618
46112,1.839169,4.421252812319357
80675,10.3701975,2.7783982832132748
195593,2.572025,4.102697679798398
57908,7.330444000000001,3.1078957853487545
367414,1.774499,4.455252805316751
152072,1.102725,4.907121032575741
40560,1.954466,4.3634998744114055
69479,3.0414564000000004,3.943464651607159
43817,12.65546655,2.589235748518293
75628,4.488049,3.5739015938262457
182040,1.0,5.0
65643,15.5281502,2.394932648139885
70646,8.257014999999999,2.9948398051237954
125116,3.2061825000000006,3.893366118475933
164760,14.0427296,2.490438224535797
12677,48.5812159,1.3115683238485891
152412,2.820421,4.01512994926062
93670,1.3297315,4.729319028885475
18481,1.576379,4.567701489777149
115100,24.172393,1.97457713277172
148899,1.97724432,4.352494042302499
166559,2.4488190000000003,4.1493228222028025
96346,2.2190178,4.242920636408707
8763,6.256324,3.25839066240075
32449,1.713319,4.488578411164716
13949,2.995796,3.957832326978677
19453,94.7755669,0.6768180965294783
12660,3.4782175,3.816012588218005
2686,2.06975,4.309064094602878
108616,1.4200879999999998,4.666875212493143
95988,9.2422862,2.887768652790166
154293,7.2192007,3.122420505898767
139499,4.4208976,3.588220663017317
59514,6.332859000000002,3.2468416263371123
151959,3.169345333333333,3.9043423372069306
30704,1.39116,4.686423666897773
61830,1.90903725,4.385838032943231
113015,63.2825225,1.06045850724464
23209,1.075778,4.930620188245986
109880,2.2431065,4.232665208998627
14911,6.6321306,3.202983675906909
50600,3.7129881,3.7539722415425416
16576,6.8405203000000006,3.17359800043425
247934,12.5430695,2.5977091996595325
12244,7.353680000000001,3.104889767644228
114956,1.292832,4.756049153090315
78055,7.130360400000001,3.1341817914599823
2713,1.94514,4.368042985498692
69051,1.564828,4.574687075588057
29301,9.091497206666666,2.9033931188688347
97498,118.568063,0.4640784600156596
60254,1.060071125,4.944590461231828
52300,22.674447,2.0353404926847007
19115,6.3943301,3.237666338190389
185560,63.634691,1.05518731396624
104292,53.3591972,1.2224649332706254
279234,3.0631451666666663,3.936715375313148
111212,4.53388125,3.564251016473015
213903,3.5558650000000003,3.795041763613672
12787,3.845215800000001,3.720734921439007
73450,1.787378,4.44838397220396
140618,1.7226590000000002,4.483414539760027
153159,4.40913775,3.590750645090301
7674,3.132617,3.915413881007169
217324,26.18502975,1.8986125507324008
55754,7.085988050000001,3.140111094232612
117370,2.6816409966666668,4.063055971806529
94420,12.329487,2.614022196859666
73518,12.762472100000002,2.581238393250259
30651,5.5443474,3.373143820715546
35054,1.589906,4.559585677821456
185704,14.777730966666669,2.441980919490722
162194,9.316288,2.8801937367283537
9746,10.677944899999998,2.750621022404235
30667,3.6888182,3.760175452181816
68404,22.2868802,2.051716048464326
48012,1.8422739,4.419650646366142
38785,5.0828268,3.4556952108476287
80536,111.8452929,0.5195208241609485
212727,3.7690181666666662,3.739746037373164
19710,2.277704,4.218126871690537
200194,1.068656,4.936929307389451
28419,3.865748,3.715676608486554
71503,66.21312750000003,1.0174599273581393
111205,1.871754,4.404571708260064
95120,9.548956099999998,2.856763629150852
95818,10.334517399999998,2.7816719546200077
95863,2.7256305000000003,4.047601352522213
45896,4.313175810000001,3.6116514347500366
118828,1.172069,4.849194272314578
177572,4.3624295,3.6008664012150486
146732,11.932317949999998,2.645122808989236
64913,18.53943575,2.22657869017089
66256,4.175702666666668,3.642418308128884
14794,1.737665,4.475176407753698
3439,3.62169275,3.777618787557013
81902,6.7201437,3.190461603533707
44692,4.3386364,3.606061065689485
90693,1.79089091,4.446519001410287
97496,3.795631,3.7330628757845967
18816,1.4969686,4.616796824426506
74805,1.7461725,4.4705374247801215
11028,7.0721052,3.1419738325535262
39208,6.714330000000001,3.191283675491852
74844,4.5425640000000005,3.562433746361058
80667,3.8332978,3.7236834437549873
81968,1.9065922,4.387055338092307
19227,4.284845300000001,3.6179108722069566
257794,4.1404325,3.650475179375357
150850,1.212589375,4.816911788985526
338457,36.7321742,1.5771267034134522
35331,1.4140443,4.670926203548053
10203,32.506298,1.6932146896196762
42126,2.08056255,4.304114995449923
416835,1.1098473666666666,4.901005895579167
230385,9.932434,2.819365115129607
27344,2.4268,4.157902058511764
150046,44.34817519999999,1.3981603384318886
138440,54.783377,1.1974458683161642
39892,8.780921750000001,2.936407667486393
67591,3.5388165000000003,3.7996066708157614
107072,3.2257530000000005,3.8875859642269095
494303,11.496006083333333,2.680504930180657
104703,2.3171975,4.201798684914278
69709,2.1214445,4.285632254500695
164137,1.1494797333333333,4.867679120209762
169307,9.8348166,2.8287464004705325
64149,6.40070555,3.2367197801980225
118027,1.6023550000000002,4.55217741939861
101925,2.3883911,4.173055294964938
26085,2.237619075,4.234991683600196
100298,1.1916992,4.833417880997153
137923,12.309324,2.6155767778328225
19012,2.6659324,4.068636299864196
28768,65.0837952,1.0338000668560106
215501,3.605553875,3.781860868508129
50498,14.24854175,2.4766183514783218
2137,2.8809493,3.994961458913441
318659,2.9937452,3.958482767540387
33570,1.5001904,4.614754772372288
156049,9.254607999999998,2.8865031787101736
78712,70.4034437,0.9591748323403648
150809,7.0721633,3.141966029340064
132450,35.025856,1.6223070164945788
152596,8.711644,2.943931175310573
7722,1.40953,4.673963375732161
58598,5.1450708333333335,3.4441342331718743
77291,1.0331254,4.969046251795917
35177,9.024542,2.9104141504659373
266209,4.408875500000001,3.590807141727313
33434,3.3785036,3.843640476000709
129670,1.014869,4.98598088244581
36041,2.543394,4.113330235996316
11420,2.204355333333333,4.24921762490241
19724,12.089525,2.632690558778473
36252,6.633052000000001,3.20285172486522
56103,1.0,5.0
54269,1.4944895,4.618371130125486
281558,3.315651,3.8614773243191225
25570,10.36722745,2.7786703570514866
27210,1.1255066666666669,4.887697951118224
125662,2.779595566666667,4.028979224054539
153877,1.203145,4.824338629595255
227127,16.484723000000002,2.338151976410808
35368,34.8155918,1.6280261635112945
58603,1.8282807,4.426892759480788
26765,5.28796,3.418115040548724
214534,6.0683515,3.287366123045756
113622,1.2460296,4.791072379073674
26526,1.3923160583333334,4.685634679383539
60018,1.43572,4.656476783630168
268423,1.034799,4.967508823211094
101651,4.8333106,3.5035059814081984
190382,5.165870999999999,3.4403020442227725
31351,13.50772455,2.527332719189191
234542,9.7997178,2.832142261984532
24444,6.551111,3.2146585229212694
20184,2.6363965,4.079218254240455
102727,1.968745333333333,4.356585609841198
131044,1.282414,4.763734188060631
27252,5.8805666,3.317223090032493
31287,1.161548,4.857758894910337
12684,4.401162666666666,3.592470225457698
51072,23.73190225,1.992045504505003
410027,2.574729,4.101699632407654
31349,3.9388571666666663,3.697881057177376
129598,2.557049,4.108244396025702
67778,1.317539,4.73806837026559
16287,3.932758,3.6993529784478794
41218,2.302501,4.207842060676812
110331,1.00244375,4.99768167396654
107543,2.2328473,4.237019390303499
13070,1.2253822,4.806943522161885
80560,1.6890375,4.502135951812431
13729,3.2826136666666668,3.870988993342449
25806,1.835533,4.423132474215417
49184,1.1951224,4.830693358120094
38714,1.405504,4.676680242046359
8798,10.289169599999996,2.785848992951413
28004,1.448162,4.648280947766026
139372,2.3117675,4.204027089168061
14684,7.5926806,3.074510422884172
62907,2.00844504,4.337622778167723
42069,6.468212499999999,3.2267545282744794
3877,3.021174,3.949819975924738
82896,2.440207,4.152669084425743
83770,1.19822685,4.828229267460864
99554,2.5078588,4.126694488468838
141522,1.4219094,4.665657738865506
219423,72.189041,0.9353852162811244
53041,3.314691,3.86175237527134
23439,4.208338,3.635023707604157
16048,1.7232920000000005,4.483065582318332
86936,95.4144884,0.6704363554688787
63547,5.6800821,3.350170401950417
158809,2.9097215,3.985522466965503
19915,2.558624,4.1076595310120405
80204,1.0625,4.942416654398927
113651,10.111705,2.80237438418373
59083,7.91964625,3.034463665457819
213659,4.24274775,3.6272889046219374
146036,6.1181806000000005,3.279598588852299
25653,1.3849805,4.690652207052097
228259,2.5106912,4.125622341743389
50590,95.08787925,0.6736932691038033
317798,39.798436,1.5009741531471112
222479,1.5911,4.558872631561969
145150,4.280107,3.618961806338175
103643,2.0605362,4.31330186284645
80891,12.170326,2.62636340981382
169711,1.304656,4.747401630244589
12881,4.0854615,3.6631702418007728
32548,51.33737605,1.2591544600362858
52358,6.6367840000000005,3.2023174632927094
31570,2.124667,4.28419053935056
77334,5.5118156,3.378733446855711
118373,53.34893449999999,1.2226476347088178
71967,1.2805149999999998,4.765141746114359
52272,4.595094,3.5515129292860625
214165,1.812052275,4.435361444636098
279084,5.13304455,3.446357010650627
72752,6.695618000000001,3.1939344405914416
19859,8.8678288,2.9270531282483416
42978,1.977254,4.352489392207676
13098,2.2045605,4.249129224785013
51408,2.21618637,4.244133383155801
100408,5.9701325,3.302865391192554
62874,1.8576225,4.4117700416761
103653,4.051457,3.671109077292841
61439,3.127106,3.9170863314379054
81900,2.0195806000000003,4.332371091710347
37143,3.125091466666667,3.9176984275680704
9240,1.564828,4.574687075588056
44232,2.744386125,4.041087732145873
14549,4.6715255,3.5358440206595945
217763,1.6446824,4.527412509622119
14927,6.134822,3.2770185547402004
110140,2.55945,4.107352945705253
67781,2.152982,4.2716158979131
64860,1.0208088999999998,4.980437827911071
81207,2.6348329,4.079781751235944
93840,11.375019,2.6905542177748814
74716,6.063138,3.288182504490123
272698,2.53144,4.117804999228546
42416,1.5374424,4.591457024510843
121066,5.9443961,3.3069688441245164
20245,2.69473495,4.05842939405483
15431,1.1916992,4.833417880997153
37563,3.8013307000000007,3.7316376292651143
51081,4.250268666666668,3.6256066691991298
108447,1.0052785,4.994999485642238
125120,2.6366128333333334,4.079140317408298
30146,1.071504,4.934401337797602
65861,2.3869360000000004,4.1736341470153935
14396,7.3182384,3.109478630818946
28758,2.6424883999999995,4.077026011640694
55170,9.742356400000002,2.837718331493751
361341,1.7427535,4.472399020315483
48178,2.213446,4.245308603829799
137695,63.43733999999999,1.0581376233206587
85452,23.8742065,1.9863669953934464
166853,7.2954103,3.1124461210887677
38433,2.104296,4.293341352119596
85857,2.0090456000000003,4.337338803644175
126623,11.89067885,2.648443154138606
39554,2.5340330000000004,4.11683256464205
175230,1.6697122,4.51306623070743
109163,1.29484185,4.754573677450925
486453,2.8328415,4.010956275746522
113006,7.361710999999999,3.10385301366734
443758,3.7324,3.749019341814636
105080,4.639079199999999,3.5424641564295665
261827,7.734791200000001,3.056896899542205
248005,1.9593008,4.361153152455684
29544,1.780554,4.452017268583375
68508,6.584738,3.209795472503211
16887,1.529176,4.596577798146327
8468,1.228651,4.804413140571023
63689,32.5839325,1.690948913454971
74532,34.5447608,1.6354438271395992
31597,2.7053670000000003,4.054689205822251
246229,2.9135156,3.984284747535853
162532,3.9472,3.6958713552186793
174189,3.6961226,3.7582965009060985
131300,1.355422,4.711143186904794
24003,4.947861000000001,3.4812573431268463
310086,32.4035695,1.696221170413676
51018,2.743487,4.0413989710388805
193909,1.0484025,4.955103633747117
567,1.4809393333333334,4.627022321500095
142542,1.06107935,4.943687510897313
22526,1.733377,4.477523190982976
29155,1.5423486666666666,4.588430751470471
43842,2.0025625,4.340408832419604
168722,4.142974499999999,3.6498922117915766
164371,1.02119388,4.9800796822522
122067,1.1690736,4.851624825014168
99909,4.1416638,3.6501927554702327
128952,2.2173755,4.243623871152259
154477,6.613112625,3.205711287200425
110043,1.155404,4.862796371436422
69736,3.823932,3.72600698968832
109006,32.292551,1.6994810036961292
102336,2.80643848,4.01985055924468
18693,3.7456263,3.745659416058857
44587,3.075658,3.932843241118626
25332,7.510396,3.0848603020963363
193905,2.9102958,3.985335013968133
63477,8.30062075,2.9898368767253354
184592,5.161134,3.4411734227926454
100908,1.756,4.465206721540903
35779,10.4377992,2.772226556001301
24019,1.470971,4.633437354409039
129353,2.28668625,4.214388514651465
339905,1.40555194,4.676647844927544
153063,2.12925,4.282143911591021
34296,18.894792,2.208544943160786
179336,10.6292688,2.7549608024198906
110067,1.3381814,4.723302316914638
116412,2.8317054,4.011337279483902
50958,1.28452,4.762175634940325
57967,1.147956,4.868939041769001
441862,1.13114925,4.882947975408238
61383,1.6107205,4.547231468491153
271945,6.841433100000001,3.1734712628653328
29884,39.44564,1.5094315666159337
12648,2.129656,4.281962816854729
181083,2.275223833333333,4.219161699258346
208619,6.447307333333333,3.229829350205532
257766,5.106239333333333,3.4513301265106846
88542,6.4249933,3.233122414313211
42272,126.400704,0.4033176693232445
155442,4.1392538000000005,3.650745617086088
86353,2.172826,4.262901389923646
86866,14.81897554666667,2.4393336288288183
318406,1.17802532,4.844379547100686
107575,1.8494463333333333,4.415959883588887
143690,38.905152,1.5225362762140402
346053,1.05962975,4.944986019990045
48217,4.524074500000001,3.5663077258407405
108893,1.5799446499999998,4.565555462620149
101698,1.047069,4.95631253037805
158349,1.40266325,4.678601952888702
26229,1.651668,4.523386740721983
124200,5.940137500000001,3.3076495548171883
81347,2.1757049,4.261643733742063
272650,2.1123626,4.289707222118604
47913,1.5949875000000002,4.556554752534651
109322,1.141207,4.874539735390187
61180,1.1384945,4.876800054797261
155604,8.28688408,2.991410056481451
51521,7.0637,3.143103382393569
31804,2.660574,4.070547343794679
54351,10.148687699999998,2.79890678345848
63501,1.4485326,4.6480379062001
250833,7.386334000000001,3.100681367275915
140689,10.7163025,2.7472151158780584
20960,10.389313,2.776649054799479
493413,16.057612000000002,2.363086141531697
21768,20.0729074,2.151094512678325
169500,9.493984,2.8622475020432865
272158,3.172994,3.9032494820403953
38569,7.212835999999999,3.1232582824269453
77414,41.8000004,1.454366986171563
202598,1.210518,4.818535706716559
17753,3.0396266666666665,3.94403624174154
166416,6.2807788,3.2546851751249277
14462,3.1442818,3.911883589911981
33999,2.223975266666667,4.240800995979257
136990,35.9446484,1.597712311708429
83634,12.122851,2.630075846527383
37398,3.4773781,3.816241839878492
40118,4.423271,3.587710872465285
44115,1.751552,4.467615732303194
97831,55.08161305,1.1922890749225057
24291,1.181517733333333,4.841567802332457
74438,3.691666000000001,3.759442454671595
118409,1.489832,4.621335862224717
282997,3.131623675,3.915715112782592
203062,3.908172333333333,3.705309512986321
90859,1.80442,4.439370549001172
138708,2.823092,4.014230861185068
307406,1.098048,4.911158142934504
37310,1.145687,4.870818300872344
73238,63.7398275,1.0536193036861985
333064,1.284108,4.762480335922724
208645,3.7113736,3.75438534305173
302367,1.2518081,4.786677676143436
19596,10.1958631,2.794501781442912
101459,2.611277,4.088311634417178
23127,7.59131525,3.0746812417234644
105202,3.530622675,3.8018084804293326
16745,5.46619,3.386628689620603
144639,2.4932734,4.1322347349623465
74790,2.1866905,4.256859884111539
68036,1.6001808,4.5534671036955325
146012,2.7986063333333333,4.022505041656406
249269,1.259072,4.781181977113625
91598,1.8346165,4.42360685443329
43588,2.788509,4.025938228004126
47640,1.4761656933333334,4.630088949797111
205642,11.289692,2.6977060314245525
92095,34.092651499999995,1.64795697761196
150499,33.0306688,1.6780148404911606
290656,4.015668874999999,3.67953661701617
142387,3.5048261599999995,3.808773927924922
280466,10.623323466666667,2.7554922276350537
272235,1.681721,4.506259340429687
87782,3.019884,3.950225628799983
161382,2.072394666666667,4.307851198544468
183003,4.2301465,3.630114174954016
203814,36.9978824,1.5702806526162434
137067,6.918446600000001,3.162838782090628
307580,6.540647,3.216176893226694
305805,1.719825333333333,4.484978244433504
71264,1.7593985,4.463370222552113
309422,11.880245499999996,2.6492769420257702
20643,2.3479688000000003,4.189268344778535
285449,1.4756462,4.630423275027012
137364,1.0746966,4.931575466588073
61562,4.2740185,3.620313918170019
94271,1.2849658316666666,4.761846023302996
95442,4.3449285,3.604684568006155
219820,4.49950715,3.571479723037293
357354,3.234086,3.8851354469110073
8701,1.5281696500000002,4.597203089427054
78350,1.9617112,4.3599853514389855
43331,2.040319,4.322667297506382
105594,1.5248936666666668,4.599241463497929
186133,17.861875,2.2619425148505146
362340,1.203139,4.824343366364345
129926,9.2133002,2.890752239357445
52624,1.7220278000000002,4.48376263260886
25947,2.3881360000000003,4.173156750573445
86933,1.0098848,4.9906571781133495
45207,1.4888989,4.621930941437879
17598,11.97837524,2.641463622043072
29184,1.31098925,4.742801962246469
54872,3.4508487,3.823516040948906
427044,2.30289925,4.207677787652602
30141,3.253518,3.8794454462776304
359929,2.487241,4.134535615076474
88220,6.12922,3.277886290214908
87282,2.5686991,4.103926710689093
202194,1.30200625,4.749332700769537
19565,4.284946999999999,3.6178883283352823
227542,4.2289384125,3.630385476867178
37758,1.21303566,4.816562273456947
58347,11.215815,2.703941941691696
123588,2.8155242,4.01678047978776
24978,1.1129828733333331,4.898326236358217
3370,2.194159,4.25362131388071
119192,1.5810882,4.564868229605012
317509,1.499051875,4.615475894613338
76540,1.053325,4.950654371964552
204087,35.348308,1.6136027393087715
101699,4.314379450000001,3.611386409829936
108936,1.6276725,4.537287191664301
80964,6.139915666666667,3.276230246304877
58952,9.754789249999998,2.8365069594020245
162332,8.60969475,2.955112298750481
203134,2.0973356,4.296488335664065
10239,8.05698,3.018133869907374
206391,10.1621508,2.7976475822570586
24153,1.4700992,4.634000459344372
100315,2.00546,4.339035514090364
130567,8.96024375,2.9172057736448496
90941,4.5303042,3.565000693319342
67534,1.7479900000000002,4.4695493058777
121918,11.019788599999998,2.7206896249861408
63138,1.9816856,4.350362920023335
17944,4.037144,3.674470596204253
64635,2.0900017,4.29981550825227
26727,10.494498,2.767080957641548
98846,7.79044524,3.050087039594576
20785,1.84906,4.416158316481458
25306,1.4839604,4.625086664977134
60942,3.8935794,3.708862788031862
38806,2.670809,4.066900422886239
120444,70.34018280000001,0.960028688086464
187817,2.100859,4.294894008912186
52298,4.3545356,3.602586701570329
159911,6.6403019500000005,3.2018141194583403
44888,10.790588,2.7406535725483216
25924,10.16470085,2.797409264486366
184372,2.7597887,4.035771791867237
34103,13.289424,2.542808540289295
95068,3.7501992,3.744500504918884
22184,7.3525,3.105042193968904
11548,3.7007982,3.757095718582325
19213,3.5151924000000005,3.8059687451605817
64811,127.041147,0.3985172306822686
73863,1.4928306666666666,4.619425999963529
55673,6.630549,3.203210215036421
91512,1.636784,4.5319849689177865
15195,4.8708860000000005,3.496150280811824
68756,7.2034739000000005,3.1244919469457786
133511,1.6142504,4.545152180608979
280905,37.039232,1.5692196908802516
14005,6.435517,3.2315679233504166
91644,6.449913,3.229445554075792
99746,3.109611,3.922415223152552
17394,48.46374775,1.3138677802871574
162894,2.2527821,4.228576926650494
116536,4.2566955,3.624171509059289
138062,5.5120948,3.378685334393123
61816,1.052278975,4.951598092173729
281775,6.7807070000000005,3.181939846322723
127269,4.57859,3.5549305491434406
26366,2.14762,4.273984410130158
127331,7.225284199999999,3.1216204334305044
26412,3.541456416666667,3.79889836943778
441475,1.929338,4.37579079819961
28287,4.170895550000001,3.6435123981306266
135874,1.9192356,4.380777387586596
48158,2.5621015,4.106369460178311
114506,1.741762,4.47293956073782
247054,6.450412000000001,3.2293720726217936
48913,2.1191378,4.28666559513893
90771,1.5487705,4.584484163807374
57177,1.4681838,4.635238810373037
60950,5.9921555,3.2993680293904046
44891,2.3153930000000003,4.20253864934334
64235,8.94875598,2.9184243207115395
49552,1.8158266,4.433385091629476
62467,1.9698864,4.35603525409872
30253,1.691164,4.500940861567913
78006,3.7672293,3.740196958595862
7595,2.8486813,4.005660081415042
166836,1.27869,4.766496422978959
26040,2.0648682000000003,4.311307060239079
259393,7.193927500000001,3.1257515491889265
21497,2.7556823,4.0371861408197125
50159,1.5275705,4.5975755643129474
151220,8.626749499999999,2.953232654470601
31972,1.379792,4.694217217253176
155021,4.1693348000000015,3.643867892846834
79703,38.1066386,1.542234106837134
26030,5.11536494,3.449634146829236
27991,16.710010240000003,2.325259037442661
110646,7.0977574,3.1385347919792124
228909,8.67012,2.948469379230585
29955,157.06178229999998,0.1970305703339067
169795,9.262816833333334,2.8856610495162127
69202,9.657708,2.8460072178473785
184153,1.858204,4.411472757261147
51537,1.415239,4.670124044843726
62368,4.0884662,3.662471931912772
109287,2.132784,4.280568741046923
108492,2.49871,4.130165869416602
98446,1.133888,4.880651006584587
21029,1.65390725,4.5220998743615946
60935,5.890305999999999,3.3156512748124736
37479,6.150525999999999,3.274590262750644
12802,2.2967365,4.2102230304463095
23705,1.0781255,4.928549773376757
75348,6.997231,3.152083585309549
75432,4.390028,3.594876291813077
37014,3.58328104,3.787746542813201
100710,1.1916992,4.833417880997153
15340,9.372592,2.8744705866437723
76198,2.7192576,4.049824796494943
44729,3.2061175,3.893385374976691
26485,11.0462356,2.71841279616582
231556,1.860295,4.410404528524991
50830,1.36861691,4.701941353435014
166973,1.839216,4.421228539595109
361631,7.909108000000001,3.0357284008498806
14424,18.144331874999995,2.2470399323933417
300298,2.7751849,4.030487619721573
366148,3.37939025,3.843391235449997
49064,13.604254875000002,2.5205690520831965
162853,5.0500694,3.4618364384054328
309199,1.9464655,4.367395948988161
38401,2.163571,4.266955783398811
76535,47.9337232,1.3243128795010444
209214,1.7523805,4.4671665582752444
346159,2.1946356,4.253415019864531
143731,7.7508154,3.054931159262873
50495,4.606745000000001,3.549107643687122
39363,7.12109,3.135417503608138
51795,2.04358,4.321150408704384
13168,12.066850416666668,2.634473699095047
68722,1.4997872,4.615010089741699
8845,2.2621420999999997,4.224638671455614
260160,1.314595,4.740193120269575
10367,32.7721698,1.6854775119072365
46967,37.4837508,1.5578883083274166
44750,1.378791,4.694906545203233
150987,5.91732975,3.311303557760223
351655,10.942657999999998,2.727361157759049
217963,7.097235899999999,3.138604582585017
137627,17.406114,2.286492910020418
50726,7.705060474999999,3.0605548747676075
97764,2.6416725000000003,4.077319329664594
68909,2.642928,4.076868011918302
192896,11.486642,2.6812789339469725
395619,6.64872675,3.2006097928946007
83441,1.196096,4.829919895744922
46797,7.6950278,3.06179244952378
149547,2.2645,4.223649145681917
117229,2.7094044,4.053272761265241
75733,2.34490765,4.190507493402949
85201,17.8452975,2.2628244597506413
10125,4.2937662,3.615935405683861
134951,3.59774,3.783921561735207
147237,2.321738,4.199939325565793
353302,1.095863,4.913050096295615
31266,10.584055,2.759009737305302
201000,1.8304776,4.425752104063322
64720,48.955115,1.3042860336782989
28964,2.4470970000000003,4.14999097694349
180465,2.3139195,4.203143309710269
18216,1.5110304,4.607916184942359
103960,11.14196215,2.7102170042980203
204976,32.440031000000005,1.6951529882973793
198797,4.72092955,3.525851724911361
176261,3.580245875,3.788551426789675
102833,33.0285056,1.678077047795159
84038,1.7353116,4.476463684148439
29002,35.30041653333334,1.614890489803405
32566,4.66964475,3.5362264996954536
116402,7.5128184,3.084553992330397
163204,3.219414,3.889454341449212
26739,3.5796945,3.7886977170837786
101027,2.4739060000000004,4.139641720973398
5368,2.3800472500000005,4.176379353066404
182177,3.6510135,3.769960014009146
194664,5.137527875000001,3.445527764531702
11912,15.567942350000004,2.392501733724725
76494,1.671268,4.51218160869118
97903,4.105071000000001,3.6586221098166254
31415,5.147748,3.443640128526314
74300,1.6562774999999998,4.520739620889929
74251,1.680626,4.506877996744486
248097,54.22406494999999,1.2071930640227104
127961,33.620194600000005,1.661211864393945
239829,66.0032254,1.020475777949167
196153,9.906456916666668,2.8218525464209883
60581,1.5478681,4.585037751495759
31303,23.4980216,2.001452662623044
249974,4.5815384,3.5543190966740443
54517,4.192636,3.638574323435878
109547,3.260047,3.877541275439668
77039,3.27905965,3.872017916033954
79014,1.1419375,4.873931929809464
154024,1.454995,4.643809794605011
110448,1.0784235,4.928287270067028
109220,1.920276,4.380262630638681
27484,4.586925,3.553203014766055
69990,7.5219265,3.08340316643211
78922,8.5997092,2.9562145587762383
20235,7.336245000000001,3.107144424343208
461077,33.149548,1.6746024713766492
105122,2.0512605,4.317587285333041
50956,4.811256,3.5078500339866454
32253,5.864311,3.319852344577785
31806,2.995796,3.957832326978677
281300,10.083903899999996,2.8049894531663693
4637,4.64751046,3.540739453931457
72545,1.1280599,4.885545674202826
30565,4.3134496,3.61159114347218
29493,14.5205916,2.458653960263652
209670,7.675330000000001,3.064226961027361
38249,48.701500333333335,1.30921949264967
22611,1.235345,4.799252250303246
22133,2.7458607,4.040577517577978
74279,8.310015750000002,2.988762421299351
87433,32.4481599,1.6949150063772522
272270,2.8252198,4.013515228761122
17514,2.4646566,4.1431996014400605
9055,2.552008,4.1101187600389855
17222,27.5825044,1.8492270469532568
117677,1.5527185,4.582066004100037
14019,2.447504,4.149833014092787
172272,1.713144,4.488675433081328
113172,1.069505,4.936175005568085
102620,29.6320882,1.7811465695419606
103024,1.778042,4.453358237984483
143045,1.76120285,4.462396619743927
101954,3.1505784,3.909983395627432
21553,1.0,5.0
82175,4.470306333333333,3.577664028981356
158469,2.6395350000000004,4.078088195852996
169764,7.018071,3.1492588782101696
133448,1.406021,4.676330919638176
21887,3.82880235,3.7247980032199175
77820,10.934310000000002,2.7280860495423105
33671,11.470379,2.6826246798001137
129556,10.1186668,2.801720658508371
16587,2.1599284999999995,4.268556233348612
19677,3.8520556,3.7190468743220944
8579,114.14545824,0.500185064736147
90142,2.490235,4.133392945877985
154351,1.1856645,4.838240010147079
21284,2.7795062,4.029009762630517
242856,6.265557216666667,3.256989910008327
225645,1.4847214,4.624599698726427
21301,1.472384,4.632525391035442
21304,5.0098281,3.4694354762959634
116610,4.1679397,3.6441857698347966
44273,4.2930133,3.616101971100142
30858,1.481274,4.62680769963008
158591,1.9813598,4.350519090839675
65816,4.8610036,3.498079329775534
14701,4.753096,3.5194018974420134
227912,7.29583374,3.1123909924324824
101036,21.8230205,2.0716936993528816
275854,53.6609806,1.217108093242446
41939,15.8500506,2.375443782499984
83553,7.126159599999999,3.134741544340618
23779,1.864358,4.408332293437979
16211,5.4361414,3.391864498798765
31782,4.9051860000000005,3.489485139559274
37168,4.131460000000001,3.6525357457221
142029,2.595121,4.0942065246297386
212565,8.226947,2.998304948951915
32147,2.12057275,4.28602264332718
205873,6.694351750000001,3.194114086657304
61718,63.517663,1.056935724232741
116814,2.4752963,4.13910807753327
218828,4.96887,3.477232811495797
200296,10.64184398,2.753837745165145
270260,4.0269454,3.676873095690365
62057,1.441642,4.652567003280308
32378,2.5269366,4.119496247343454
91720,5.777423,3.3340307712008714
246,3.3015241,3.865532902248655
495271,9.0838884,2.9041883818888072
198901,53.70909232000002,1.2162568660056268
32607,2.151926,4.272081889310573
42905,3.300396,3.865857507234784
146098,3.561,3.7936711039176743
29704,2.972,3.965407109004901
258279,2.58407775,4.098257063759189
21859,1.8663393333333331,4.4073233997214505
261634,1.0,5.0
17524,33.864022000000006,1.6543481368803234
16017,1.7120955,4.489256940623294
104354,34.4868432,1.6370376517976588
22274,2.60696482,4.089881457193538
28924,1.983745,4.349376349260488
148446,1.0051928,4.995080462475968
26792,1.6312665333333334,4.535192192336836
370846,1.814707,4.43397091985204
65563,4.172980600000001,3.643037690206937
67777,9.824266,2.829765911197144
68159,4.2749518,3.620106529366367
17752,4.523029,3.566527255057257
47627,1.9496122,4.365861665284745
230695,2.159588,4.268705980933522
345502,2.763756,4.034407349830243
54112,1.7663544999999998,4.459622338904981
32317,3.8302053,3.724450028621727
11474,2.3285148,4.197170942013456
117874,2.734619315,4.044474062430723
37037,10.684489,2.7500390839503424
137142,1.104585,4.905520267637721
80822,126.38612525,0.4034272272218723
53194,1.5055866,4.611344338804132
38301,2.979501,3.9630128521936334
258522,3.9458835,3.6961882039827127
126436,5.214778,3.4313519506156696
237823,1.472428,4.63249700707784
38070,8.555696000000001,2.961088280908733
4178,1.6665583,4.514862058300349
366059,2.207431875,4.247892898593041
32130,1.2220801,4.809506544085115
8432,1.517996,4.603547667384469
118080,2.754487533333333,4.037598044779119
204462,9.541485133333332,2.857507056787327
41672,1.9209216083333331,4.37994334430579
55309,1.946956,4.367156625437063
38137,23.078756,2.018553184704797
11789,2.53555775,4.116261212841303
210658,6.86063975,3.170808432616933
68874,12.417824,2.607241187846081
40112,3.0603736666666665,3.93757516395135
49813,1.064359,4.940756231752318
98125,13.946046999999998,2.49700034169212
155203,8.17822,3.003947404447008
153800,10.070357,2.806266335743626
15364,3.125925,3.9174451188256394
340915,2.8631076,4.000862066632435
64448,34.0557,1.648987018839145
86808,2.5591785000000007,4.1074537070769255
167273,120.3756035,0.4497077361364798
151153,2.346734,4.189767995332913
205890,4.13202,3.6524070088673417
351925,1.3907358,4.686713339656766
124968,3.184129333333333,3.89992196049535
9430,3.2942890000000005,3.867616693538921
64367,6.7305622000000005,3.1889901787963524
281771,9.523228,2.8593262561377166
194516,4.707318333333333,3.528594208919126
55678,1.390799,4.686670176775495
77497,1.5807,4.565101468301719
321674,7.3765961,3.1019344237855737
29591,1.337098,4.724071620145979
89725,2.7270647,4.04710169048596
41291,1.756824,4.464761117956632
37766,4.245916033333333,3.6265798779910616
146427,11.291267,2.6975735313801854
179045,1.6448002,4.5273444803938645
148242,3.0051068,3.954884862355602
8782,11.634799,2.669106117609015
28556,1.6032190416666667,4.551665376047756
95808,1.2036357333333334,4.8239512944673
32295,4.1927084,3.638557921484928
144141,6.8933102,3.1662960456030764
24072,33.0347,1.6778989258408858
8509,1.1041125,4.905926658025288
205976,4.193133974999999,3.638461514775351
102909,1.5961,4.555892476299075
83789,2.1131006,4.289375434718304
155116,1.1601437,4.858907929882422
78938,2.58049775,4.099573883451649
11427,2.0976905,4.296327623340453
133377,6.027288,3.2938153349086607
64829,1.4964303333333333,4.617138418823227
64677,1.1419883,4.873889676613006
175305,8.29870895,2.990055667877439
108787,126.256372,0.4044028675069961
51699,10.65648,2.752532309478897
63499,1.606108,4.549955339993651
53473,9.8243545,2.829757354837058
365083,1.4177829,4.66841824501144
137710,7.0712425,3.142089706400984
11345,1.6430435,4.528359476383159
45268,1.577742,4.566880580091108
266529,1.014869,4.98598088244581
31464,5.54125735,3.3736733426748886
57549,1.2556875,4.783738655913539
211605,34.6185122,1.6334181382627602
209398,95.003701,0.6745344993656198
45753,2.1494494,4.273175660341417
9108,2.292126,4.212131657057905
24952,1.064722625,4.940431788105921
29619,5.094341999999999,3.453545784639787
18058,17.465317,2.2832677430086377
14906,3.4537535,3.822716841002123
123104,11.04101375,2.7188619143231425
11177,2.671438,4.066676754537937
88753,2.2724476,4.220321396931419
262097,2.0673471,4.31016745623826
31482,35.4087495,1.6119800199303953
448861,4.288183,3.617171282411377
132765,1.007429,4.992969762542629
195725,3.0626605,3.93686567489922
88794,2.476982,4.138461451614939
28714,1.6886906,4.502331051898773
125399,4.498084666666666,3.571780053060876
199579,3.3698596000000003,3.84607376893106
229625,1.562508,4.57609633637398
139694,1.0,5.0
74982,3.7738525,3.738528512513144
110299,4.6238052,3.5455966110118062
35084,1.630907,4.535401560166052
125633,2.9797855,3.962922160846502
297408,6.9458248,3.159087443610021
89451,8.645570900000001,2.9511626119896346
68861,1.06012125,4.944545549793443
446392,2.5155562500000004,4.123783597081325
160873,17.865254,2.261762848013575
26049,6.251940500000001,3.2590563980592235
5297,6.5892698,3.2091419949367896
3559,2.1375624,4.278443063306589
122838,11.8280023,2.653463034930043
201592,4.1155551500000005,3.656199372044931
108564,1.8463456666666669,4.417553653077569
210676,5.1868745,3.436448018791329
79145,1.000576,4.9994530529452685
24907,6.870625,3.169427010752252
85042,2.7479709100000003,4.039847844704061
175027,11.9087328,2.6470020878959795
293657,14.545918875,2.4569986724170803
24672,4.325317,3.608981495299487
302801,3.14663,3.91117450318742
230631,2.089716,4.299945358008248
345124,1.0,5.0
27200,2.8255597500000005,4.013400944999059
39522,5.943648666666666,3.307088281397249
21688,32.3309622,1.6983518704134628
235300,5.515688716666667,3.378066238913187
117424,3.6877346,3.760454509483918
15345,2.4982978,4.13032257187438
34601,3.321158,3.859901043089794
158428,2.4960562,4.131175194144938
66763,9.455395499999998,2.866115990907508
57466,3.0823932,3.930765529725144
84491,7.673197433333334,3.064490906217161
20445,5.96353025,3.303916375172784
146944,6.0281046,3.293686656445609
127614,20.82269515,2.1162617240001325
182996,2.301616,4.20820721359162
46003,1.6260177,4.5382533475358136
232788,3.2738219,3.873536330691316
29842,1.9078066666666669,4.386450502477038
132511,3.362142,3.8482515593976543
22363,10.025773,2.81048082700976
18197,7.7165,3.0591457235598445
50979,7.4061824,3.0981324158943813
55786,6.64490415,3.201156044967677
53508,4.3913076,3.5945994756105843
256080,1.005022395,4.995241496494353
74927,8.7625042,2.938401990294562
287041,19.564289,2.1754721057930477
91128,1.3163245,4.738944325945623
119158,2.093376,4.298283240872042
94087,3.5097479000000007,3.8074410349437335
31078,8.97959975,2.915156145958333
14410,3.4070435,3.835650453805589
66990,3.2609636,3.877274256051359
113817,2.7549192,4.03744920414
157176,2.3362687,4.1940132704903
74691,2.236708,4.23537849944444
181205,2.7397975,4.042677188210197
300257,4.225866,3.631075802220988
73970,1.4298350000000002,4.660378144972463
17186,13.882808674999998,2.501317158354828
49230,80.23163475,0.8350545626639391
310605,4.9591635,3.4790900916169027
95996,7.457930999999999,3.091518796522662
250109,44.5900194,1.3929946728788136
64061,7.48234734,3.088414236154698
265329,50.878525,1.267682201646613
12794,7.0607182,3.1435044206432394
33869,2.1115986,4.290050820643062
26712,1.8022085,4.440535381382106
41611,2.6497115,4.074433232619931
129930,1.0758408,4.9305647419983085
200008,5.4519112,3.3891130963091065
307631,2.3116025,4.204094885022855
151090,2.23315675,4.236887762018692
166623,1.46348,4.638286795918583
29903,1.658966,4.519199082409431
100658,7.983049499999998,3.026889741889325
70080,1.9510588,4.365157155537408
11616,5.844631000000001,3.3230452473606404
106465,1.161815,4.857540585708659
184496,3.0933572000000003,3.9273929859532895
32031,1.8192365,4.431603091778808
316028,13.174124550000002,2.551085288652215
4843,10.5938492,2.758131192597849
32966,1.8664774,4.407253136182697
16859,1.904256,4.3882199098976615
137847,12.0983,2.6320013859072064
19154,1.00547712,4.994811838681432
18446,3.7590992,3.742249021802086
36015,3.245781,3.881706881395003
155837,5.733448250000001,3.341288072312002
218856,1.0199796,4.981209782117477
108105,6.909801,3.164026479734628
109385,7.372036,3.1025217785352623
87047,3.007724,3.954057995082652
67949,2.2864,4.214507423438939
20233,2.1981200000000003,4.251908173751528
364252,2.1528460000000003,4.271675899132696
167894,2.71213,4.052317729566813
50379,2.8851645,3.993572744635669
162173,18.2954628,2.239161174477919
41701,5.81391825,3.3280496592209965
90414,1.1622214,4.85720839412511
67068,2.9696815,3.966148377600558
91762,18.022781,2.253424385922047
16482,2.0786156,4.305004248071867
37926,2.849401500000001,4.005419975858499
22374,2.1366045,4.278868805360383
45005,8.690640850000001,2.946223922759144
186700,4.414505,3.589595113536474
155392,1.0454696,4.957764513424056
18872,5.8024,3.3299332909100263
291860,3.85671035,3.717899805698465
106618,17.541633999999995,2.279126358654263
189447,1.080165,4.9267546603981485
21737,1.4156062,4.66987763139859
72321,8.892924,2.924368974258722
18265,5.2976152,3.4163823349445286
49465,6.20941125,3.2655397873927434
31300,1.9121618,4.384284695677094
27774,4.63834935,3.542613602273545
232928,2.7331586666666663,4.044981535094732
68955,2.1250091666666666,4.284037585748267
69475,1.1364,4.878549084052427
117404,4.8647835,3.4973410288364284
194297,3.3686860000000003,3.84640461941993
67493,1.437428,4.655347487689911
45637,10.074594500000002,2.805866739553797
29785,3.6912405,3.759551938517214
238159,2.320352,4.200506514218964
245624,1.263197,4.778075195080322
28916,1.4651862,4.637180075407676
42094,1.5033954,4.61272771517503
6919,1.17076435,4.850252137958896
102617,2.3660400333333333,4.181985897050508
189795,2.7350177866666665,4.044335668583863
190639,2.1972466,4.25228565548147
131971,6.9264086,3.161746306731318
234672,8.470974049999999,2.970540801983469
32646,2.3072018,4.20590485003743
93114,1.6321104,4.534700962825755
18185,1.0,5.0
150863,21.8583485,2.070157311897378
601,11.166759,2.7081054616096707
97428,6.576689900000001,3.210957103671278
35568,2.3984182,4.169075985614999
208583,63.83288999999999,1.0522335219527414
49189,1.376552,4.696450221964826
29413,2.0188492,4.332715140686582
184676,8.698776800000001,2.9453351287646745
13661,3.9147646,3.7037086915630986
21148,1.516544,4.604456641738304
135116,5.7589395,3.337074412976339
35475,1.852742,4.414268809117899
31559,5.401432,3.3979485713806805
42260,10.697829,2.748853918591889
33767,9.6717553,2.844626671518577
46959,5.825987866666666,3.3260798598143007
61621,12.1138422,2.630781955039883
28559,6.775165100000001,3.182716467258049
95823,5.0281495000000005,3.46596818153291
302003,1.2306765999999998,4.802848497612771
326705,19.820746000000003,2.1631021739385443
135070,3.222204,3.8886315550374806
149886,1.174288,4.847397714541145
218584,4.5039354,3.5705453906233986
62994,2.180839,4.259405011176244
110071,1.589664,4.55973026334877
3451,1.534086,4.593532880383921
216207,1.8926156,4.394043907684694
428116,3.650756,3.7700270066289336
163220,1.0769035,4.92962697247391
225455,3.91767525,3.703002746696997
190932,1.191676875,4.833435675126338
32576,32.35828,1.6975496540241646
231632,40.62624520000001,1.4814202218217445
39097,1.5198985,4.60235798814856
102338,7.527565999999999,3.0826913031157237
99061,6.813865,3.1773064281645165
27221,9.1596745,2.8962968694486846
115110,6.60702495,3.206586056155868
63718,1.087389,4.920423442414066
93190,2.501071,4.129268806539805
214985,1.838724,4.421482659282451
9168,7.927260799999999,3.0335508612935724
178437,1.66876916,4.513602841022927
31088,1.123722,4.88920525716138
87959,2.091097,4.299317862243881
152207,20.364345866666664,2.13740302650993
103746,1.1134,4.8979703216344666
105726,2.227044,4.239491278593754
125305,3.869903,3.714656251719748
108512,1.101958,4.90778191937193
362382,2.332234,4.195655037744418
19717,4.433245166666667,3.5855714737440176
193945,125.92963675,0.4068641025666192
22941,1.73088585,4.478889242141433
62605,2.1045795500000004,4.293213372323221
21886,32.369627,1.6972166363048449
26979,3.8779416,3.712685293037003
107786,23.4819216,2.0021036780090444
424933,1.776576675,4.454141340849129
104227,2.0139778,4.335009821360772
140936,2.99817,3.957079934735944
52420,5.707225,3.3456423241196367
193370,3.630822,3.775227539908829
55267,5.54244125,3.373470430473834
30724,6.8114011,3.177649951256889
52545,6.157,3.273590999719969
41169,2.9671786,3.966949252266885
109685,1.105915,4.904377286611099
36869,1.242476666666667,4.793784608739999
31025,2.090407,4.299631331118821
348190,7.8117278,3.0474957443823336
89124,6.202643266666667,3.266575629344969
146339,13.84265575,2.5040683225364626
114558,9.403719,2.8713213504031554
16235,3.08158597,3.9310143088758265
13546,1.00502044,4.995243344142608
160384,8.719664700000001,2.9430570772507614
167202,1.162602,4.856897396790719
110397,1.7892675,4.447380399393342
59336,1.1288184,4.884907226530772
268331,1.3548575,4.711538851981845
167476,1.7145932,4.487872279351486
88333,15.12377335,2.419995563964482
28149,7.320967,3.1091245517761195
109423,3.4219052,3.831516237716375
17002,3.8654363,3.715753197878791
84867,2.5665555,4.104719685953459
7883,1.992785,4.3450577514277615
225839,5.902141,3.3137447506130497
147211,4.6235800000000005,3.5456428733186462
55796,20.896615,2.112895815855416
123468,2.6704765,4.067018679027843
119373,1.0741422,4.93206558073813
15477,4.13202,3.6524070088673417
94993,6.1568356600000005,3.273616352627738
55768,2.59074375,4.09580998457503
95032,4.730905000000001,3.5238468171661954
186785,5.3050690000000005,3.415046847442631
96431,34.950283,1.6243586259990592
75568,2.5363652,4.115958785645712
232433,2.3450363333333337,4.190455370032136
53730,4.813208,3.507464749862541
57505,27.8422126,1.840325546801404
145464,1.18777732,4.836548939035081
281139,1.7915046666666667,4.446193539226739
18831,1.2035545333333333,4.824015374608169
99354,6.870369999999999,3.169462264057869
82879,3.3411351,3.854204808624332
18095,2.0486854266666663,4.318780419758871
21151,1.1634535,4.856201984365823
11808,2.2477292,4.230709759772088
16705,1.125,4.888125632046311
245490,3.618487,3.778459907979763
17253,2.4006735,4.168183249404749
55779,6.3337659,3.246705614614881
19957,4.402713,3.592135700106136
178302,2.3027099,4.207755888559613
39880,1.031698,4.9703594814935546
147326,3.4520575,3.823183381142212
47090,1.21895944,4.811935109040477
47644,12.05736,2.635221025008673
61040,7.937191299999999,3.0323617460628527
224390,1.954836,4.363320078276782
182403,10.6963134,2.748988494575348
25556,6.257078600000001,3.2582761060340717
295459,1.7036893333333332,4.493931990131536
30812,32.349002,1.6978220364355667
44990,96.22077629999998,0.662443625859608
26389,5.159306,3.441509900138548
66941,10.683388,2.7501369661659725
23257,3.4717204,3.817788480422301
115026,15.7345346,2.382391573534206
35932,1.100438,4.909092990019203
47488,8.1211398,3.010600052706566
103152,2.5160050000000007,4.123614171280921
70026,1.338053,4.723393458949886
519,4.239757749999999,3.627958519205303
15522,2.11844552,4.286975937732661
171945,4.9886885,3.4734519015361105
71871,5.8002232,3.3302896929591723
23195,7.713912,3.059464337373588
40340,4.640458000000001,3.542181894173855
106996,1.9619089866666668,4.3598895906096855
69281,1.5635955,4.575435485030029
113153,1.058330325,4.946151517501309
132546,10.992470166666664,2.7230472202486986
193358,10.729461999999998,2.7460494455079405
34396,10.589394916666665,2.7585306433296206
70923,4.5611335,3.5585588433096667
87612,3.640602333333333,3.772672414172191
343008,35.048724,1.621687082370535
96253,5.265173199999999,3.4222168968590614
32880,2.877888,3.99597129054575
64721,1.1660252,4.854104785642698
84268,3.5571710000000003,3.7946929720096856
121031,1.14470815,4.871630165468913
163666,3.76869975,3.739826285288298
23319,1.800173,4.4416087757108365
200524,2.254432,4.227881538476329
4571,2.4488190000000003,4.1493228222028025
108852,3.9053968,3.705984312644166
164937,7.152393,3.1312513570614877
1236,18.004489749999998,2.2543888585498206
101814,2.2139201,4.245105179745991
334528,1.3581358,4.709243348103119
63244,1.90144391,4.389623604410305
64708,1.601088,4.552928761082352
16489,8.59028,2.957256581366711
263405,3.8494115,3.719699076546701
57797,13.13194424,2.554131303633715
99361,2.26175325,4.224801956873289
18200,2.25199716,4.228907936409158
26442,2.876860333333333,3.996310527992521
16008,3.3963761666666668,3.838629016926812
168156,4.50650675,3.57000327371751
25961,38.3665105,1.5357786071255546
77403,25.5633942,1.921433696967711
12194,5.131273875,3.44668471830878
94991,1.202842,4.824577865963778
191225,1.7303915666666665,4.479160521911097
243419,4.874967933333334,3.495354627487073
41992,4.840758166666667,3.502043524217588
42780,1.014088,4.986712115911845
20287,1.6042685,4.551043823165296
25730,1.578039,4.566701796588848
64648,1.154331,4.863678872921536
91301,3.0312015000000003,3.946672625856968
95587,33.6537762,1.6602635939705768
61380,9.017428,2.911163195232603
96042,1.5084525,4.609538037778717
124176,3.549021333333333,3.796871589197234
84247,6.39302775,3.237859813140798
50774,3.86124635,3.716783331720592
71501,125.89484658333332,0.4071265464210921
88694,126.6422396,0.401504389209931
9836,7.642267,3.068327397987268
57666,38.591537,1.530223931413481
28094,3.2427749,3.8825869838881095
68470,1.2386965,4.79667883217385
52376,8.044709600000001,3.0195815253294214
66947,5.6546035,3.354440566993873
185381,36.030517,1.595445947182633
26773,1.203145,4.824338629595255
104150,2.0195685,4.332376782510473
54393,6.543667200000001,3.2157384002986498
109607,1.3823652,4.692447503100961
24154,1.384212,4.69117939877535
354876,1.227498,4.805304909788186
114102,1.194654,4.831065696213914
4684,1.6633490000000002,4.516692922590588
32731,36.8508105,1.5740639049744287
186437,1.4246755,4.663811781275196
182171,5.713440500000001,3.344608462176477
20099,8.241656500000001,2.9966081941005003
19654,2.338617,4.19305902423404
17113,3.1791456,3.901409786154432
114514,30.335291750000003,1.7588692089340752
23113,3.1394678000000003,3.9133389321950527
20786,4.5247712,3.5661614641882897
113772,64.7992325,1.0379620863589347
160390,4.406598,3.5912979259558573
101673,1.152995,4.864778829126153
305558,1.734361,4.47698414392557
324890,3.678106,3.762937750788323
203925,1.0259265,4.975687939698624
176403,3.9959735,3.684206665842231
12399,10.903474000000005,2.7307684746576077
103966,2.54656,4.112148623824097
86055,2.5439657,4.11311675776511
101391,60.3531065,1.1054775799138676
31564,1.490721875,4.62076869661471
5277,10.339285000000002,2.781233870707734
27733,3.90661975,3.705686924673516
169727,3.90699175,3.70559648292013
63355,49.61554455,1.2915579453570567
50767,3.9232007,3.701664053706733
57130,172.638456,0.1072139417749171
20689,9.828594666666667,2.8293474971823818
16746,2.9602975,3.9691545442562894
4007,6.647864,3.200733052994009
46059,1.886283,4.397227335976647
90086,1.164737675,4.855154172135498
11476,1.3991592,4.68097774128731
83437,1.5220272,4.60102862456967
21387,2.7591086,4.0360058901951446
232735,1.3570879,4.709976496844325
27570,4.0963131,3.660650683757484
36346,10.6624328,2.7520018721289365
226218,37.071442875,1.5683940339533502
82925,2.0348626333333333,4.32521081473358
85957,4.6894042,3.5322157863274835
46922,64.678898,1.0397276025705935
28667,32.662565,1.6886595068169907
20537,2.453367,4.147560405328393
76491,1.7107393333333334,4.490009611292514
158611,16.2697872,2.3506178216081843
47413,6.9288665,3.1614093090537083
109872,1.25051415,4.787659994236193
30745,6.9538720000000005,3.15798763437062
257404,9.463952,2.865256843117655
45668,10.570957775,2.7601858363549803
254025,1.333024,4.726970085434257
102335,15.675466000000002,2.385964031207973
111257,32.121058500000004,1.7045386257074997
77960,3.342507,3.8538148781991337
20159,1.080586,4.926384529598286
86096,7.073718400000001,3.141757192963961
35547,4.7576486,3.5184925646453697
337063,3.487609141666667,3.8134513677597695
112809,32.729850666666664,1.6867048380249547
178556,3.7364049875,3.748000684909191
54184,32.322734000000004,1.6985936331320617
79431,3.7252144,3.750849721111981
101101,1.3371676,4.724022179680736
204740,2.364292,4.182687895173363
50385,12.445791,2.605104408681485
225300,3.55478925,3.795329158901576
100365,1.3867741999999998,4.689422864475105
54259,35.399392,1.6122310666146786
356560,64.716306,1.0391784106126625
47844,9.650684,2.846698278652544
14453,7.0565866,3.144060381655217
21256,12.3525238,2.612249152558218
73264,2.7924663,4.024591230489253
50719,2.990088,3.9596438074093214
338611,7.161108,3.130094713833341
130464,1.416928,4.66899115237422
173284,2.447059666666666,4.150005467889809
9782,5.75116035,3.338358312293344
64468,2.1908140000000005,4.255070443154934
18412,1.2939915,4.755197658620912
224691,1.39004795,4.687183238505131
225964,4.398334875,3.593080699775238
336205,6.812535826666666,3.177491729397166
58213,6.219939999999999,3.2639306011782496
116119,1.4798695,4.627708731534199
74730,1.7058840000000002,4.492709215446993
48013,6.135864000000001,3.2768572390078234
75758,12.63898,2.590473924887741
134051,2.014889333333333,4.334580020318764
10205,2.0648547,4.311313270226259
76003,5.4961392,3.3814387618490955
97085,9.0398065,2.908808916906838
66292,7.710409274999999,3.059895735082184
27943,3.289974,3.868861642477919
325034,2.8438292,4.007279293941108
117031,6.5909208,3.2089040353358533
259057,1.0937441666666663,4.914888363221225
27000,4.6690724,3.536342926321744
108383,3.0586051000000003,3.93812422463733
178820,3.174644,3.902755683673031
45620,2.7832792,4.02772129826272
110479,1.963305,4.35921396812576
56523,3.279904,3.8717733674608383
88386,8.479506,2.9695846120149034
10190,11.0664139,2.7166793044917044
188992,9.2293463,2.889099424496369
117776,3.2009583,3.8949150544637474
15060,5.739517599999999,3.340283122509236
12877,19.546589,2.176331818958644
38523,1.4970226666666666,4.616762519466837
52937,2.62729,4.082504800557051
29757,3.1752356,3.902578697017356
163419,1.4662481,4.636491928247862
142210,1.688711,4.502319577622307
168917,32.212862,1.70182782642036
47432,76.11909999999999,0.8850335771862848
52488,5.18831,3.4361851825679848
110078,1.4760705,4.630150203631716
8935,2.237464,4.2350575127938095
95376,3.4749573,3.8169033036454314
66984,1.3907954,4.68667263536795
148807,8.325982999999999,2.986939116704229
116193,4.01662,3.679311672128665
69214,51.2372305,1.2610091434208963
38641,48.87595375,1.3058231749636129
100646,1.168404,4.852169009111438
63017,7.6171271,3.0714571108608166
360528,17.6389181,2.273873228408004
199299,1.81820935,4.432139524415205
4897,4.101565900000001,3.659433468834853
28649,5.02538245,3.466491030437432
14300,1.4777560333333333,4.629066201209822
102312,15.001014,2.427736809478169
97946,3.798625,3.7323139402575167
58801,2.245012,4.23185867531232
12568,3.959562000000001,3.692901274353572
206003,1.0528963333333332,4.951041000193121
32369,1.1384728,4.876818159057647
330255,97.1843905,0.6529787143072625
157593,3.848285,3.719977078765562
48403,2.254654,4.227788010335085
58335,6.158062,3.2734271801572783
71085,3.597148,3.784077867687581
18358,3.08113444,3.931153493734625
217139,1.63606688,4.532401208589883
96978,1.35414,4.712041994661472
168990,1.326879,4.731358773439403
81956,16.724254,2.324449735188032
422866,1.4814795,4.626675936423837
123915,1.6489440000000002,4.524954540413371
200053,1.99647975,4.3432983288142335
185413,3.838671,3.722352976788413
105548,3.776863,3.737771107117509
128297,4.4882740000000005,3.57385397684122
113385,1.2962056,4.753573821848373
3397,1.2066388,4.821584412869095
124336,2.138715,4.2779310389707375
74748,3.51523705,3.8059566804347855
27881,3.4545295,3.822503453268961
96843,6.269986375000001,3.256318703901172
94907,5.4471903333333325,3.3899359240223195
32883,17.502923,2.2812247758653594
282352,1.3362725,4.724658211675048
169041,136.26843970000002,0.3319188996784212
182382,1.285699,4.761304226919807
246989,1.995481,4.343773607551933
85220,3.0336932,3.945892166379611
23939,23.0095135,2.021407227702892
129040,1.6227123,4.540186154139649
28341,4.217919,3.6328637055037096
195501,4.8677397,3.4967640150025825
36232,1.2453631333333333,4.791580555011223
86387,1.67199,4.511771361932042
72108,11.483345866666667,2.681551531438747
326407,6.890461600000001,3.166688637425169
138983,2.4665984000000005,4.14245156129568
10294,4.1117206,3.657084765342349
53874,7.165608,3.129498030752805
89684,3.2513405,3.8800813599655246
36783,1.4414303,4.652706493311815
295797,1.5568,4.5795725306268285
149981,1.7555196,4.465466609256489
26849,3.9461391,3.696126679159216
76422,2.1512552,4.272378018535971
23775,2.5962240000000003,4.093802903889644
214378,21.930618133333333,2.067022081968979
133469,1.10953,4.901277544514786
111154,11.309113000000002,2.6960734905356225
67930,2.4764198333333334,4.138677046959737
127295,8.829889999999999,2.931125475581188
88364,1.0153663,4.985515564351976
88350,6.6249156,3.2040175495303984
373516,1.51705185,4.604138620893895
336855,1.07955831,4.927288298191204
294059,5.739316,3.340316485933225
63357,1.7810899999999998,4.451731383081083
98910,2.2297135,4.238353418621068
12103,33.07135,1.6768457262959555
155988,1.128356,4.885296388652518
110139,5.7418836,3.339891653217098
38629,7.040864,3.146179044309631
88413,9.026971,2.910158532275521
10404,1.8396604,4.420999063895557
63802,1.1603619166666668,4.858729288059446
29074,10.7521796,2.744040477638516
264182,1.3395855,4.722306216416457
176721,4.4432769400000005,3.583424568366857
27393,7.78405875,3.0508660188342414
42315,2.324193,4.198935503753228
215898,1.7302326,4.479247784778358
84829,1.5692244,4.572022248233654
70997,64.206129,1.0466958942273452
10744,15.69139495,2.3849993274401142
262793,21.235169800000005,2.0976304817729443
71208,1.5679254,4.572808844292443
2885,1.369574,4.701277355209169
49172,5.993858,3.299098199406121
149088,16.10746255,2.3601419667616312
67654,63.7166256,1.053965115299439
103529,12.8818936,2.5723918919259687
48359,1.0433334,4.959707288067977
48691,34.957077,1.6241740052582223
46665,12.134642,2.629152461972654
88831,32.39802,1.6963838548643433
37548,2.7144104,4.051519430053799
165750,2.371109,4.1799531637585385
53561,3.2701,3.874616780225838
29703,6.840964826666666,3.17353627808843
130653,5.37050435,3.403402785506258
221299,2.2753145500000005,4.219123828661552
24156,1.6447419,4.527378147900388
123316,36.7422736,1.5768655852440865
23137,1.00394519,4.99626009566887
90975,4.110746,3.657309930992557
52840,3.063767,3.9365225739088863
242547,5.663414,3.352961771463633
35193,9.9893615,2.8139367048598567
150614,6.45865575,3.228158941235745
258679,5.8445139,3.323064277939559
19066,1.03402,4.968224130794301
35908,1.684233,4.504841623954587
86863,2.913323,3.984347539076858
134153,3.2443355,3.8821299818161754
59311,1.5391433333333333,4.590406766115866
115565,1.124584,4.888476924619408
147728,1.162954,4.85660985980745
36752,6.553614999999999,3.214295541637777
80482,3.92922864,3.70020576733842
50669,1.692671,4.500094838996444
142232,28.206917400000005,1.827964462170099
79860,1.3840599999999998,4.691283705588183
99830,4.5688554,3.5569521541103297
17985,2.6393423,4.078157541306767
217644,32.2337755,1.7012113672463716
90685,34.821834,1.62785587991296
59224,94.8233735,0.6763391028219303
125209,1.849272,4.416049421513059
135210,1.151148,4.866301602963794
15098,2.9837444,3.961661062252139
102053,6.616811374999999,3.205180188196145
39997,2.907459,3.986261312949779
199326,115.098204,0.4922899211196118
356134,4.383562599999999,3.5962761884152434
50467,1.5372795,4.591557669716267
28976,2.100478,4.295066281153927
295649,1.3022509999999998,4.749154168524211
259880,2.274133,4.219617197026557
5031,1.244192,4.792474194749732
31567,3.7692649,3.7396838598766458
112979,12.445203300000005,2.6051492616604475
22183,9.7809633,2.8339617771333523
14208,6.282903799999999,3.2543638683896075
137324,9.4389076,2.867773715667121
17704,3.86407475,3.716087823679724
135930,1.395171333333333,4.683688812933896
80498,28.298935,1.8248709224109136
3929,5.696007750000001,3.3475110104020804
49181,8.0895237,3.014305033009675
34688,5.8435273500000005,3.3232246228625377
281737,1.123071,4.889755679163437
10839,2.635323333333333,4.079604970743822
71360,1.21910085,4.811824926310427
167766,1.1407,4.874961808683413
327810,1.298176,4.752131047295263
161324,3.1387232,3.913564234874664
241407,1.2458477,4.791211049513509
181346,4.48873025,3.573757427504604
235402,2.134344233333333,4.27987414593252
305912,5.024150649999999,3.4667238782508734
23418,9.066242,2.906035328551184
16511,32.3807208,1.6968911624722818
100000,1.0114,4.9892331440432205
84957,48.59115800000001,1.3113739610413524
81059,1.267525,4.774826409251662
9458,1.7172136,4.486421762789976
73033,4.6718036000000005,3.535787477875368
136589,3.3373646000000003,3.855277310171948
39308,2.227588916666667,4.239258900053803
42918,6.051624500000001,3.289987892020712
67284,1.171523,4.8496368489580925
123522,15.9751965,2.3679737081021237
37244,1.1281026,4.885509721185364
85711,1.5568,4.5795725306268285
121714,1.4521863,4.645645112165588
128269,1.7853049,4.449486282023377
78112,7.4755629,3.089275866449144
11706,1.6020350333333333,4.552367106243649
65131,1.01241875,4.988276888665942
201700,1.847233,4.417097282856003
8603,2.185734333333333,4.257275305737539
16855,4.977948000000001,3.475499071474491
399162,48.495658,1.3132425815036262
222188,1.320209,4.736145473564555
75644,1.658493,4.519469935269933
84492,1.29953,4.7511408846155385
54134,1.130225,4.8837243921436615
15466,39.413777,1.510199124208836
37705,9.62956225,2.8487793901199487
277765,7.0847577500000005,3.140276022905575
286575,1.601017,4.552970882271851
47444,3.0216566,3.949668262243689
263983,1.3074903999999998,4.745340328156715
17126,1.230931,4.802652172375267
167885,7.78242975,3.0510648151254447
85350,3.0851385,3.929919946623236
385071,3.931418,3.699676668554156
116181,5.414344,3.3956807236760267
52892,4.63305,3.5436994157065875
44133,9.5820699,2.853475498691038
196177,2.3981795,4.169170521560372
107868,1.0337229,4.968497081337922
225347,3.3397600000000005,3.85459580927719
69089,8.561083,2.960490416371674
5170,2.423413,4.159228635022119
31045,2.553325,4.109628710982832
26337,1.462132,4.6391620840534085
100727,2.150105,4.272885997126102
166779,1.2962132,4.753568252732205
16531,22.129919000000005,2.0584291730382165
153540,7.65541,3.066695297197348
176435,1.94609925,4.367574688116736
26901,2.0326120000000003,4.326261948009891
27786,3.0522,3.940115381561167
11365,1.444721,4.650540549270142
209735,1.99989425,4.341675252481704
154918,1.5347689999999998,4.593110092834924
930,1.76004,4.463023963503024
397754,2.8272351,4.012837929714163
110079,33.64834549999999,1.6604168808223885
304824,4.471146,3.5774856364387624
17181,66.5955255,1.011990167149633
174930,4.876409450000001,3.4950738052115944
32745,11.373025749999998,2.6907206722773647
131841,1.1222456666666667,4.890453959242133
99991,1.564828,4.574687075588056
48957,2.234321,4.2363926976096895
61069,12.1363828,2.6290162113135507
24450,1.145663,4.870838198333098
301002,10.2181293,2.792429750788531
24088,1.3124259,4.741761654468725
92096,1.82446375,4.4288778265580095
37968,11.38878125,2.689405740048895
109233,1.6383687500000002,4.531065775127995
23959,2.741111,4.042221932522179
94990,1.56916616,4.572057500920622
66488,13.547115,2.524566897783079
33336,4.6913874,3.5318141759934263
59048,17.74110783333333,2.268386314149497
95416,1.474016,4.6314731715498105
100396,1.624409,4.539193530911201
240413,3.56657175,3.7921860987688967
186868,3.4275200000000003,3.8299589885454535
42603,3.87531924,3.713327811749468
89826,1.24948,4.788445813038027
28954,3.52514,3.8032846167714114
59363,5.789461999999999,3.3320535648326195
16902,1.815463,4.433575304910668
31581,6.0861313,3.284587251032709
24217,4.137037,3.651254442305307
387481,192.45203900000004,0.0040168981810587
16328,6.728825666666666,3.189235274481139
311584,2.650516,4.074144889636465
173575,4.6165140000000005,3.5470955707729805
38576,10.3929418,2.776317352700885
67478,3.909099,3.705084324488445
166118,2.424809,4.158681643267992
105713,2.539762,4.114687581231113
169739,2.2708365,4.22099504096563
46072,1.9402098666666667,4.370453482595779
90880,7.237837000000001,3.119971676857468
105830,1.745076,4.471134055670751
19279,1.758109,4.464066631240766
334473,5.01204,3.469016205454437
102598,1.0795855,4.927264375750589
424498,2.601406,4.091908947218812
26772,7.5292704,3.082476264902465
68063,1.0639735,4.941100314388881
281644,7.981565999999999,3.027066267180183
155966,32.905373,1.6816247142191436
225028,3.89387927,3.708789637900193
18110,35.566786,1.6077501473032243
14359,51.481398,1.2564935242356694
57919,8.200861750000001,3.001321381214558
96210,1.70933455,4.490789893545657
136983,2.7119596,4.052377408435624
25885,2.8546207,4.003681772036516
133272,1.817539375,4.432489584496154
164953,3.414995,3.8334362737167993
165500,1.2178618,4.812790794456579
128094,1.979116,4.351595344578811
71876,4.0879012,3.662603202037412
173988,3.0185208,3.9506544884710655
95330,6.744074099999999,3.1870852560692677
55555,1.58740591,4.56108044560499
43267,4.1266315,3.6536464806830975
180508,10.2468165,2.7897668456607043
82508,5.6964627000000005,3.347435148521248
41330,3.459985,3.821004628692727
77479,1.93189615,4.374532227032206
38720,4.671204,3.535909391647712
19111,6.560156399999999,3.2133479505205726
188958,48.006503375,1.3228717922167206
103599,2.422223,4.159695159064407
33133,3.49836975,3.810525277317135
74048,1.82083,4.430771480013691
50535,1.984778,4.348881868638627
15276,6.8053186000000006,3.178498520909338
40832,2.90291005,3.9877485677567432
201094,1.466411,4.636386407624181
127014,1.1790883,4.843522859556503
31562,7.57050725,3.0772883378890605
74388,1.08558,4.922004919790734
170365,9.8133474,2.830822135465645
223623,15.877136,2.373822040951256
78512,8.47284,2.970331599577734
128989,1.737097,4.475486936008998
185439,49.0219168,1.302990818870877
72774,1.0819139,4.92521802306229
111044,8.344101,2.9848744474757245
193851,2.4622,4.144146803008686
72367,6.368398066666666,3.2415261976912366
97838,5.372129000000001,3.403115491270843
56652,1.5809842,4.5649307093685225
16999,2.406089,4.166043002258539
99992,1.412348,4.6720663171317485
113983,1.604186,4.55109266994201
82750,33.30363805,1.6701975575795678
146703,5.1952005,3.434924561846792
33105,9.6487885,2.8468848548331285
225889,2.9920652800000003,3.959015910276824
22421,2.3143245999999995,4.202977035905298
17600,1.20928,4.81950760186951
57512,33.589872,1.6620689219492804
106395,1.8743247333333333,4.4032680671626965
235329,11.7556928,2.6592875894535486
46876,1.4331053333333332,4.658208154834992
38156,1.26195,4.779013313515489
251137,8.6655806,2.94896681259628
217062,1.7957747,4.443932312458733
23605,11.992518,2.6403428227423187
60238,7.810583200000001,3.047634927419826
11233,6.104700000000001,3.281693731880974
46597,7.510074000000001,3.084901026074566
29709,4.173748166666666,3.6428629963418975
860,1.3202503333333333,4.736115736452154
33113,1.0795425,4.927302208500822
90243,1.121789,4.89084054656088
73061,2.1002919,4.295150439138633
15263,3.8411807,3.721732183748073
66258,1.472297,4.632581516357444
299075,4.2223425,3.631868098332504
231908,11.00618075,2.721863258182717
81891,2.4037485,4.166967394140428
114602,1.2440129999999998,4.792610855789399
307969,1.6912930000000002,4.500868412087811
66976,7.094083400000001,3.1390265803762327
148484,18.072297,2.250818378254828
177167,64.5650583,1.0414008549767435
10440,5.2864526000000005,3.418385841452189
85096,1.54554,4.586467443016734
26059,8.5125885,2.9658860764237738
207201,3.9952824,3.684370953032844
17172,1.7112505000000002,4.48972584444139
3285,13.0396787,2.5608284303987903
19725,1.67483,4.510159366021269
77971,1.2784,4.766711864711534
37000,2.6970495000000003,4.057613916674819
240456,1.1639622,4.855786776442929
118475,48.56715993333333,1.311843178457847
112624,1.32095045,4.735612181517515
64364,94.96101025,0.6749614117044732
318956,48.8040662,1.3072212351511614
106666,23.965220675,1.982752884808551
44102,1.6031424,4.551710783832014
234329,16.111518,2.3599028527057784
72409,33.0893178,1.6763298175594248
83187,1.508466,4.609529537208925
72109,4.230207,3.630100590421047
23458,1.69005,4.5015667405896975
64653,2.089383,4.300096727872724
203888,1.079824,4.927054563315339
195556,6.32333,3.248271910416144
24685,2.11995375,4.28629994259165
69826,2.0075789,4.338032481651074
8969,1.327663,4.730797719880858
205878,6.16576315,3.272240078371878
241296,1.5282011666666666,4.597183500435395
298871,1.547683,4.585151343114573
4018,18.96732770000001,2.2049055811219533
322553,1.526156,4.598455499514871
218051,1.0360465,4.966364441903742
210632,7.627723800000002,3.0701366504798693
45991,1.208742,4.819930270368938
119490,1.389031,4.687878385392408
230114,2.629776,4.08160647123754
51349,8.012519900000001,3.023389769126875
278655,1.4239156,4.664318543447131
74010,4.333663,3.607150489898312
25431,1.357242,4.70986864741398
45851,1.072625665,4.933407558352607
36218,6.645361349999999,3.201090694242372
77611,5.8241444,3.3263804551821217
29977,15.502857333333337,2.396481037295881
76504,1.8110493333333333,4.435887308125131
272233,1.9175085,4.381632518342397
57772,193.267652,0.0
351722,21.005054375000004,2.1079795597730384
17080,18.9976308,2.2033892918271047
122968,2.0935288,4.29821391296086
213359,1.8865515333333331,4.397092126138775
162998,1.27996,4.765553511937648
40463,1.8720564,4.404418265716704
3520,2.1742888,4.26226215321633
151732,5.0358219,3.4645199440821086
16311,1.6821904,4.505994260780908
22083,2.0089352,4.337390999865437
152211,4.4464855,3.5827389256369484
52553,2.8638532166666666,4.000614740933538
9842,6.1093344,3.2809729360856297
14070,1.8002314,4.441577962325826
204109,1.141207,4.874539735390187
100488,2.511832675,4.125190601781445
12662,36.485886,1.5835167624575306
15886,1.3415732,4.720897880538166
119541,3.3876374,3.841076059487442
26257,1.9451687,4.368028971060924
10794,1.4904912,4.620915685792274
8531,2.0341375,4.32554935319575
80935,4.5760345,3.555460838863684
196286,33.35620775,1.6686994288551933
130102,2.625443,4.0831727743664326
116054,2.6333269500000007,4.0803247882937015
155186,37.417687,1.5595638350396466
74620,4.0541915,3.670468210122542
129996,6.1800305,3.2700447355846243
136470,1.700324333333333,4.495809887105187
79082,4.18816015,3.639588861006642
27258,1.1953152,4.830540140939581
161384,6.778201,3.182290949051412
19023,2.074993333333333,4.3066609057272185
180576,7.9857994,3.026562611311439
173875,3.1478727,3.910799458751379
65387,7.899359500000001,3.0368998567051184
49,21.9014558,2.068285968719021
50825,4.2464315,3.6264645723179534
233189,1.306948,4.74573443966844
138528,2.4454192,4.150642433983693
78237,2.8019860333333333,4.021358678848999
40106,4.717642,3.5265133987426305
64138,2.2768446,4.218485321093153
30051,2.622634975,4.084189206951797
4393,1.9086058,4.386052723529954
184466,43.49131,1.4166919994064455
40882,5.246647000000001,3.425564906662844
164107,2.179936,4.2597983817999285
185080,7.1543414,3.130992645727108
63356,1.961028,4.360316205350737
93914,10.54319475,2.7626837143782805
274955,6.0953095500000005,3.283155923084258
21551,1.540196,4.589757367758817
140151,3.554072,3.7955208263527935
58828,5.751995,3.338220475468415
62972,6.919563999999999,3.162685386507011
131169,10.46461775,2.769789211758188
55840,1.8550242,4.413099527124151
97952,1.06136005,4.943436273108095
169571,1.0229594,4.978438952178133
189254,1.0,5.0
121490,3.0146255,3.951881009394989
27084,1.3137365,4.74081361489201
24464,2.7275636,4.046927939934824
39280,63.640748,1.055096909306203
87748,3.84284825,3.721319927044602
101040,4.3696883,3.5992872519163788
8788,1.383486,4.691677704386807
75316,13.262530749999998,2.544732627644104
32522,1.3665635,4.703367511374699
40654,1.304513,4.747505744854201
182136,1.5488146,4.584457118421014
161680,4.092837,3.661457048078502
148619,1.9607173333333328,4.360466690317672
210757,5.181585,3.4374171403852256
60350,7.078094999999999,3.141169700062591
56845,6.100909800000001,3.2822836347472832
10579,1.0520222499999998,4.951829851971775
74080,1.188276,4.836150241434503
169363,1.673046,4.511171652356028
24051,1.0915202,4.916821676734539
358553,13.46412985,2.5304031627020778
33875,1.0072335,4.993154103698969
159348,7.2332666,3.120571648079753
110077,1.0493675,4.9542297627601855
9254,6.681829,3.195892552611856
42976,2.4833056,4.13603966644565
71688,9.5726545,2.8544092704812254
64895,2.463352633333333,4.143702259712151
21703,1.4803416666666669,4.627405726054661
141983,3.98744795,3.6862353356295374
250711,2.3855932,4.174168638261674
99430,7.657813999999999,3.0663970710771213
245882,1.7739514,4.455545963857278
151957,4.295557633333333,3.615539201071032
25899,7.514679,3.084318788600583
81852,3.489809,3.812852435335033
145212,6.227359000000001,3.2627983360093804
1293,2.568631,4.103951892530632
8424,2.3719808333333336,4.179603983267464
36126,2.1320124,4.280912434902345
10406,5.738681500000001,3.340421499001557
8486,11.43792755,2.685315714254904
48365,2.1276186,4.28287193958934
27520,32.686994,1.6879493718535163
22944,3.9378712,3.6981188475202846
104767,1.4582636,4.641678415182708
11209,4.403159500000001,3.592039377789845
72079,3.9364657,3.698457921692112
307831,4.897,3.4910715908749403
43812,2.9978196,3.957190949585359
25087,2.1670295,4.265438671558851
181870,1.4990492,4.615477589557374
80247,3.182184,3.900502435975502
4292,1.138564,4.87674207342849
113930,2.9245005000000006,3.980710297926617
398821,1.666833,4.514705509332035
13906,32.2923247,1.6994876599759836
239768,3.169084,3.904420660511472
20374,2.769588,4.032405148006216
43957,6.815345799999999,3.177100031085951
29329,3.833246426666668,3.723696173389874
27960,1.9648105,4.358485896042346
124868,10.852360399999998,2.735231602959463
157808,1.7023748,4.494665146566498
34625,1.329714,4.729331529311115
79857,3.1464485,3.911229291929248
92058,3.060124,3.9376526550241873
11078,29.583659200000003,1.78270019464643
142860,2.6938387,4.058745354848934
92043,4.9260905,3.485445818484685
219784,12.1584306,2.627292241491657
4050,3.1616606,3.9066482036097145
86146,11.452615733333332,2.684096753029938
25007,6.698747600000001,3.1934905820933963
120467,13.400239849999998,2.5349210448569672
131973,7.5459673,3.0803722456853126
126236,33.98393625,1.650990665558154
227439,4.453825999999999,3.581172180404391
50684,1.8616435,4.409716257282494
106850,2.27179,4.220596299389912
23966,1.029716,4.972185967754903
12849,3.251284,3.880097865805068
88433,1.196152,4.829875426508324
267645,4.675752,3.5349850593270133
31272,11.0135373,2.7212285993910545
91452,3.028318,3.94757660757652
146022,1.0471868,4.9562056757317485
97340,2.2325815,4.237132466099886
18007,5.7402888,3.3401555049880844
37782,1.1180822666666663,4.8939842858912295
101619,7.023598700000001,3.1485110470080797
55556,8.080793199999999,3.015330681333977
12199,6.8389154,3.173820873529081
224749,1.1156587,4.896045391185871
100798,1.3291972,4.729700758923312
23706,8.329747900000001,2.986509711202693
111408,3.337932,3.8551158383995534
145478,2.4489669333333333,4.149265444376582
50353,1.0310144,4.970989047452903
230470,65.12682199999999,1.033172340283602
61618,1.9845145,4.349007977430079
67013,1.829355,4.426334799580909
3595,1.889065,4.395827497064789
44833,2.63262,4.080579817587832
413122,1.7020683,4.494836172609279
124335,3.2811792,3.871404151376975
424183,2.9455554,3.973896477943265
307260,1.4948406,4.618148012025255
134501,8.814517300000002,2.9327805633702053
207168,2.5581372,4.107840262269011
137037,1.070415875,4.935366395879744
304615,1.240251875,4.795486916486735
43824,3.347776833333333,3.8523185382387344
59900,3.6418066,3.7723582725702296
116884,3.39305,3.839559672149597
129345,8.216834,2.999473253923813
118140,3.3162703,3.861299930058569
60501,2.035518,4.324904951570113
140213,32.753074999999995,1.6860310969164527
197001,2.0559564,4.315415338260094
59289,4.2935682,3.615979206748056
204607,8.280133825,2.9921840792013046
104715,32.5801979,1.691057784736825
136629,1.347861625,4.716456075422486
24709,7.719926759999999,3.0587240127181903
94211,1.5609056,4.577070920480145
46832,9.082192,2.904365778320644
411937,17.1917096,2.2982653997508278
46193,2.687143,4.061109164726363
305776,5.090711,3.4542230218641565
15416,1.4757075,4.630383818662986
138331,1.392278,4.685660643032016
281313,1.0,5.0
33696,7.21023932,3.1236002921187933
71196,7.114272000000001,3.136327346405923
17582,1.0,5.0
142068,1.5918919100000002,4.558400004975284
135894,9.0438195,2.908387354866868
45115,12.5168369,2.599697765149277
247149,5.5821326,3.366692576980864
72990,4.75609175,3.5188034307187315
230781,5.9524855,3.3056771458326453
66795,1.816626875,4.432966570832491
29185,2.986516,3.960779170751341
181057,3.9778380000000007,3.688527246975066
330437,2.627937,4.082270921868571
66929,4.6672105,3.536721770137229
27788,1.75159392,4.467593000133295
74827,1.3023148,4.749107635294951
178839,5.142201250000001,3.4446641362877037
141367,3.1983529083333333,3.895688478490876
47354,10.12301275,2.8013127938886173
51948,6.3406992,3.2456664406852465
28648,6.762835600000001,3.184446558070648
111502,7.387747999999999,3.1004995535140787
94198,32.2541075,1.7006124320400986
73679,1.1765306666666666,4.845585441724209
41782,4.634009600000001,3.5435027058454627
265132,6.278138480000001,3.255084551360371
18597,20.1641494,2.146786795503988
34335,6.74544975,3.186891529503027
199955,1.027376,4.97434689515645
38290,3.1957385,3.896465212730408
86484,1.7871494733333333,4.448505421805226
21869,2.685188,4.0618004572586255
107443,7.144303600000001,3.13232623340131
95086,1.02164088,4.979664008943759
101751,2.650668,4.074090420742505
189441,25.0207399,1.941813662103292
82917,3.0231184,3.949208867868925
172725,1.7810601333333334,4.45174731075597
188706,6.562781475,3.212967946233677
100626,1.012512,4.988189407107262
68540,12.8292954,2.5762781100622028
38631,6.245522950000001,3.260031893560669
113861,3.3305035,3.8572320310393975
195947,34.387251500000005,1.639784567880233
145444,1.8534976,4.4138815190939615
154635,1.2627545333333332,4.778407956828199
45437,4.3753005,3.598068116947325
104134,2.937881,3.9763744217971975
59023,5.84264775,3.32336760792825
76470,3.01408675,3.9520507714312583
83475,9.319102333333332,2.8799068470714624
30425,2.1367498,4.278804213980846
283273,5.15561368,3.4421899039512827
24638,16.39877932,2.343116924532325
34499,2.3298726666666667,4.196617210324543
70758,2.4057061,4.166194168943341
90971,4.358503500000001,3.6017215963502527
72608,2.035518,4.324904951570113
20907,8.713823380000001,2.9436935862857414
98519,2.07833,4.305134763457142
46463,1.694245,4.49921200676466
14381,10.816766,2.738352062179857
204860,3.2108166666666667,3.89199423385152
77854,4.575783375,3.55551296558724
245395,2.09618,4.297011824143286
37881,63.4188715,1.0584141886508127
43269,10.480555,2.768343747459709
17375,1.6565586,4.52057843064927
69429,3.2204088000000004,3.889160887668057
21561,76.19601999999999,0.884074233674713
139170,4.908704600000001,3.4888040463477883
4143,1.8054316,4.438838198912712
26610,1.0,5.0
209601,2.02177325,4.331340420072514
206892,1.0,5.0
12033,9.198834000000003,2.8922447872303114
13619,2.3806906666666663,4.17612261167984
325792,6.658900333333333,3.199157509885928
41808,1.043748,4.959329917728203
235380,4.076693199999999,3.66521098610344
66459,7.16868388,3.129090396191569
40061,6.7240515,3.1899094302647164
63131,3.8558046,3.718122900871016
145411,1.3531353,4.712746982862147
281966,19.33910695,2.1864679594816647
25365,14.919873000000004,2.4328884411372496
106970,1.7270388,4.481002684130521
208952,64.374612,1.0442067030194813
14457,3.128432533333333,3.916683492615804
77588,4.349511,3.6036833266699753
120914,3.446235,3.824786795773041
268834,2.3592495,4.184715840226188
294720,7.1123825,3.1365796491426066
218770,1.4861895,4.623660961816866
109536,16.61795062666667,2.330506379258749
11194,5.628033,3.358914276501128
111169,8.305390500000001,2.9892912342783524
131210,3.642274,3.772236375908261
491858,12.64384,2.590108760338459
140771,2.211619,4.246092930105691
223962,1.7795781000000002,4.452538003936216
48162,8.763336,2.9383118294614765
84345,1.4048592,4.677116095441663
73224,1.9330325,4.373973694473039
304319,5.4457849,3.3901810230469427
31110,2.68688865,4.061199075010371
141308,1.1313746,4.882758766210193
12210,4.65102,3.5400224628620447
43737,4.224489,3.631385356518103
98221,1.093555,4.915052654409896
201869,8.58819195,2.9574874868324104
128132,7.413423750000001,3.097204174869495
10986,1.73140786,4.478602829115005
68999,5.226244,3.429265793813627
168802,1.19689638,4.82928451686391
60317,3.8889728,3.709987228218951
159612,1.3411586666666666,4.721191415638773
150207,35.038576699999986,1.6219621180368051
95528,8.137356,3.008705325374705
276140,3.2091497,3.8924874894458426
224363,1.4759117,4.630252395093419
354979,2.6380540000000003,4.078621281943782
375608,3.5114776,3.8069730458632938
76645,2.7487765,4.039569433866842
70920,1.8744981,4.40318021579442
494671,34.47401455,1.6373910433420868
90003,1.135454,4.879340106103657
130042,7.04622808,3.1454556888545158
615,3.771153,3.739208188046574
92994,7.265755999999999,3.1163148648179404
632,3.17707744,3.902027892025057
17823,1.4477658,4.648540846755538
139885,2.433558,4.155260695724147
16702,3.38553825,3.84166480687883
49387,2.292687566666667,4.211898977896529
487593,9.315381000000002,2.880286213652068
101816,1.89967,4.3905101449014925
126673,8.796405500000002,2.934734261679767
433523,5.8361745,3.3244205421061284
107841,1.1132235,4.898120904573516
293349,2.254617,4.22780359771909
474987,9.022774599999998,2.910600187780551
26111,2.2708630000000003,4.220983956740831
184301,11.389821349999998,2.689318998761038
85466,6.880255,3.1680966368614225
23116,21.406403,2.090002055742938
43934,1.154826,4.8632716524607655
88383,2.1356466,4.279294738329138
173017,2.4126000000000003,4.163476173425517
266248,2.418222,4.161265381605747
56818,1.4044673,4.677381098506997
66409,1.3181078333333334,4.737658377988886
98774,44.5769857,1.3932723508264104
121456,4.0740389,3.665829616493229
12369,8.032,3.021083327242034
102524,1.430222,4.660121097033391
16884,9.6053366,2.851171954365378
18327,1.7367768,4.475662035602832
111778,8.7269073,2.942268467277273
171163,1.0497725,4.953863247998159
17227,1.320925,4.735630481610423
137724,1.8825668333333336,4.399100450527522
167914,2.8821956,3.994550649005032
145383,1.9605375,4.360553811342331
32503,6.165815250000001,3.2722320524135213
253163,51.488172000000006,1.2563685518268417
29679,3.2173778,3.89005527829442
78289,3.0678474,3.935258402934568
16632,1.109778,4.901065263110928
47504,2.039598,4.3230030055817625
23657,1.07753888,4.929066729373824
32740,3.6034753,3.782408598819596
90105,1.8755165,4.402664318453005
59273,3.66165875,3.767194614318124
78399,12.094272,2.632317675768465
142524,1.518606,4.603166057325218
59056,35.0657688,1.6212252738212736
116266,13.4094081,2.5342714041952594
21051,4.2193145,3.632549504459878
143991,1.216,4.814243959838606
158832,4.129216,3.653051787807643
21959,3.784683,3.735806507041689
65204,2.195647,4.252977388613059
36372,6.34415,3.2451496527829264
29251,65.040758,1.0344283604330122
17118,1.8463254,4.417564079121441
161227,3.87016685,3.7145914942210063
88527,8.151493,3.0070566133069487
115553,4.0230788,3.67778554750902
140150,1.148358,4.868606479763117
35410,2.2566325000000003,4.226954878901166
42719,6.059545666666667,3.288745436202765
78953,2.5312035,4.117893741725851
57591,1.757014,4.46465839920958
138173,1.4906245,4.620830742485243
183081,1.3191688199999998,4.736894133867963
204682,52.0791588,1.2455283452541148
61704,2.035218,4.325044950966966
318100,2.5234625,4.120803003430756
23942,11.985231,2.6409201448923083
151143,9.594858,2.852208707893804
60454,61.34505699999999,1.0899932134425074
13285,8.6529995,2.9503468290205754
18229,2.1242788,4.284364100368303
132052,12.2581316,2.619535215279808
124395,1.854176,4.413533933157319
22815,32.404276,1.6962004612562531
76517,9.198173333333337,2.892313007441769
117496,4.8797820000000005,3.494417121948795
176192,2.227384,4.239346279655739
182455,6.891698,3.1665182178141054
71142,95.131086,0.6732617742309253
32206,4.844276499999999,3.5013534216082234
37531,2.48862792,4.134006121936186
223576,1.2456146,4.791388781584686
155017,1.448119,4.648309151434916
252267,3.9651628,3.691558683159023
252838,2.207738,4.247761185415211
30946,3.3830835,3.842353752413523
82032,2.37722365,4.177506870299823
116996,3.0014035000000003,3.956056098782791
22507,4.573186,3.5560522779067383
102548,2.4621993333333334,4.144147060186396
24139,5.1148067500000005,3.449737798659912
115767,3.12906325,3.91649201783092
387873,1.243165,4.793258545277534
505862,16.057612000000002,2.363086141531697
191126,2.84286,4.007603060331743
45609,2.392861,4.171279331048647
150802,6.636824,3.20231173864388
147160,6.097718166666667,3.282780661611327
27999,1.5591364666666667,4.578148075003328
179877,4.215438,3.633422566934963
43850,1.284108,4.762480335922724
141003,2.397575,4.169409972867204
25793,15.8735868,2.374034392144317
145256,3.36736,3.846778571826512
87481,5.479227249999999,3.3843659648871736
18255,1.73039,4.479161381875078
122046,9.4390806,2.867756306891013
90242,2.5756686,4.101353071076546
11397,25.9497544,1.9071854879583203
102083,1.0,5.0
43509,3.269878583333333,3.874681095160012
232706,1.0,5.0
19655,2.0939508,4.298022470796667
64015,1.104695,4.905425683181456
168133,6.64575075,3.2010350381804638
113697,3.11505364,3.9207542155948314
51557,8.342074,2.985105215060041
149395,32.221667,1.7015682360656896
16432,15.63410915,2.3884733068901918
266043,7.686331750000001,3.062866451788864
210647,1.5533034,4.581708274431579
80898,3.3507816000000004,3.851466405445708
80613,1.59465966,4.556750005278555
61366,3.5180785,3.805189216834732
29084,1.945082,4.368071307990191
27171,48.43763559999999,1.3143796866319648
129855,2.1549095,4.270765920262847
66519,2.0337867000000003,4.32571317231285
81671,7.74462,3.0556906866491302
83748,2.3159,4.202330687551607
104630,3.7610556,3.741754814986408
63509,1.013074,4.987662342945309
39369,2.263108,4.22423319332733
37252,1.163482,4.8561787174744735
124608,2.595121,4.0942065246297386
36008,32.3697515,1.6972129830609035
131607,1.02445341,4.977052751802
80852,1.6865783,4.50351989659609
24712,31.0994778,1.735238044630443
278872,2.4949266666666663,4.131605117291127
94528,1.8056906,4.438701949252856
79469,5.914698,3.3117260933609427
245872,3.34105695,3.854227025750232
43101,1.112468,4.898765737737401
189335,1.5881793333333332,4.560617775593989
174658,2.0325553,4.326288444142124
126930,7.01674,3.1494390344609844
28665,2.3230894,4.199386622092848
67769,2.109534083333333,4.290979930936043
74223,1.85445766,4.413389658820341
102612,1.047568,4.9558599771884
51538,2.486828,4.134693345726916
104215,6.5917662,3.2087822104114574
184288,2.224862,4.240422357831306
195199,1.8711450666666667,4.404880765899601
49400,4.3113855,3.612045773156367
132411,4.0570609,3.669796191909456
28377,24.2906016,1.9699435434873611
17382,3.934252875,3.6989920068925786
88410,4.513253625000001,3.5685823014824702
136381,2.0176898666666667,4.333260744028654
89909,25.935109000000004,1.9077217022915869
9715,1.0691875,4.936457021233666
8590,3.752974,3.74379797539365
195888,17.9649914,2.2564748993682167
87879,2.999689500000001,3.95659867195907
21935,4.052335000000001,3.670903258949008
48697,1.861477,4.409801211509513
84033,3.2013348,3.8948033405477775
150898,15.1167242,2.4204383823810565
83189,3.2111328,3.8919007188566943
4682,1.369955,4.701013158792199
11753,4.2304558,3.6300447274748366
22267,97.193215,0.6528924717298917
42972,8.1180436,3.010962247891141
111865,3.219333,3.8894782394463863
30618,7.903359000000001,3.036419070770886
305413,9.123161,2.900090790916687
95475,2.760924,4.0353811369059605
56453,7.165000000000001,3.129578627369294
265932,1.059322,4.9452619219871385
18947,6.119745,3.279355750180899
359292,1.8457815,4.4178439274014965
50468,1.864455,4.408282876142062
820,1.1084013333333331,4.902244252903527
52089,2.38784982,4.173270579882123
71373,1.6699838649999998,4.512911703629315
107968,1.2159685,4.814268565240071
106510,1.23598,4.798764135791633
24414,2.2650927,4.223400572870286
11913,1.0538649999999998,4.950167552516309
56906,13.5507102,2.524314859525953
140868,2.5810120000000003,4.099384616234407
237263,1.9813249,4.350535821525963
47851,2.380390333333333,4.176242444509263
124290,1.405688,4.676555903678444
90151,1.49360794,4.618931577682551
222526,32.90684826666667,1.681582130672682
158087,1.119357333333333,4.892901707220693
126982,6.65404,3.1998510473658586
75302,34.16869505,1.6458407344938877
169937,1.1634446,4.856209250283763
52558,4.7676955,3.516488879795872
11514,1.881474,4.399651991101111
65265,1.2406105,4.7952123068720605
115432,2.4622224,4.1441381618781215
422135,4.587600650000001,3.553063115315201
43908,9.995823475,2.8133224692886247
24569,5.495839,3.381490643367345
347943,1.990162,4.346308792802558
73724,1.632568,4.534434692076784
147335,1.336052,4.724814957957164
93688,7.085684633333334,3.140151766292369
137542,63.413984,1.058487392319618
106130,4.904218750000001,3.489672455152637
50144,10.422733166666667,2.7735985476221097
133030,8.956391499999999,2.917614220790349
83608,6.7012871,3.1931305674660537
50484,2.4611097500000003,4.144567478091846
86675,6.800674,3.1791469999611195
215816,1.44930935,4.647528710855611
218794,3.9268785,3.7007740497264168
30843,2.763878,4.034365422385201
40272,3.7719145,3.7390164096151546
15343,1.0,5.0
285900,50.147475,1.281428930011406
77797,1.402226,4.678898089396585
607,3.806441,3.730361581776736
14134,6.9758960000000005,3.154984114399465
282086,32.311493,1.69892401807017
21239,4.4978983,3.5718194078382712
84324,3.14992,3.9101819103701616
31750,2.934715,3.9773985602547857
67063,7.115853,3.136116288801824
122412,1.2149297,4.815080354016196
290136,1.8094368,4.436733404215406
137253,3.4475376,3.824427847413773
42382,2.790999,4.025090451612577
78122,94.9615995,0.6749555178315355
46501,1.00717485,4.993209413022993
81675,5.047071000000001,3.4624005552057486
104312,10.556415,2.761493450787776
20476,1.03208982,4.9699988203066665
81870,7.074040500000001,3.1417139434808106
123107,5.4626783,3.387239097424281
47637,2.9911453,3.9593080038143023
264043,84.71235499999999,0.7834371722930993
14220,94.762991,0.6769441397093051
81419,3.0874628750000004,3.929204601151957
273842,3.96522335,3.6915441788294343
109655,7.2518276,3.118137437578542
100526,1.598688,4.554353612548419
44051,2.176725,4.261198499233639
18741,4.3888778,3.5951251837479314
155375,31.26821675,1.7300983826394858
259348,2.6568288,4.071885335353936
411045,2.3041826666666667,4.207148587941062
69360,4.2771232,3.6196241972407055
75118,3.518834,3.8049852638024655
67742,6.604591999999999,3.2069358845546345
95352,2.7316515,4.045505453985885
344025,3.5632446,3.793072584839815
474520,8.481241874999998,2.969390187377008
40107,6.227703,3.2627458685063826
90322,1.753104,4.466774484009741
277207,4.129771,3.65292413097982
14756,1.8920675,4.394319018796039
35614,2.6903228,4.059985853638509
133427,1.7827590000000002,4.450841741812374
47797,4.1356896,3.651563846161462
21363,4.69852875,3.530369413245396
155959,63.74273325,1.0535760039435595
125453,10.021175,2.8109165380433243
346546,9.622463875,2.8494798130629637
57626,13.1873904,2.5501293223112587
54845,12.429365,2.6063588314140462
56856,2.5598272,4.107212973796351
53198,7.978840733333333,3.027390638838365
3049,1.7303802,4.479166761241902
76142,12.93921445,2.568174768546033
95632,2.0643185,4.311559954554173
115372,5.57773055,3.3674419084499383
120426,2.2881334000000004,4.21378759358038
152136,1.6250592,4.538813418082815
215648,7.448543,3.092715195569877
45006,1.03215166,4.969941910537068
12309,1.5921632,4.558238148135093
59907,1.871268,4.404818364291153
183798,2.879903,3.995306481348922
14899,7.782619599999999,3.0510416444898776
348200,29.8021005,1.775712526981712
73274,3.804817,3.7307669105506815
26210,3.630822,3.775227539908829
160625,4.446123,3.582816364092984
368990,2.6510422,4.073956340234685
95888,2.19060575,4.25516073488944
48582,3.7917217,3.7340416592229286
221953,1.94191,4.36962154276713
78088,1.537678,4.591311481615692
109264,1.6412971666666665,4.529369558853104
28201,3.8138253,3.728520737011874
295835,1.042774,4.960216693598698
217263,2.5649553333333333,4.10531206246566
106627,1.3699042,4.701048380735545
118069,6.435452,3.2315775169140246
107440,6.49518375,3.2228021295354425
81115,4.651471,3.5399303638162247
54823,1.5568,4.5795725306268285
162736,1.556048,4.580031451468548
103469,2.769396,4.032470996973052
71616,4.46526,3.57873686104398
54715,1.2278626666666663,4.805022773711338
32783,1.2038178,4.823807629666341
161335,2.3626881,4.183332467086057
356040,1.6636376000000002,4.516528135523845
61171,1.7654982,4.460082914813103
15688,1.1951224,4.830693358120094
114570,3.024547,3.948760121708113
21138,81.114124,0.8246641200535096
366061,1.58662825,4.561545877370432
31072,1.0437683,4.959311444448338
36688,2.990784,3.9594227410898646
37374,1.4124753333333333,4.671980686595512
47819,1.123039,4.88978274346376
17904,8.6895506,2.9463430879428723
268774,1.77266375,4.45623566609244
2267,2.2966548,4.2102568187555365
70998,40.34156089999999,1.4880995192334383
26766,3.1900943,3.898144259568917
27021,1.65268,4.522804942226232
101893,1.9974104,4.342855671014517
66857,12.087311,2.6328645214226998
10117,2.445070733333334,4.150777792853515
50824,4.9005134,3.4903903674138084
36622,1.47069,4.633618818854365
128804,2.3113741,4.20418873890726
17398,5.14782,3.4436268435730124
23189,2.502997,4.1285376490239365
106809,1.599325,4.553975224805126
248268,8.153702,3.00679924944283
28662,1.27764,4.767276702581034
259441,2.521877,4.121399975088277
104881,1.7331545,4.477645121583298
46773,1.5108622,4.608021921413911
83806,1.8728258,4.404027971717355
143230,1.040422225,4.96236128036168
167126,3.396657,3.838550482013784
142998,1.102696,4.907146012110154
14130,1.605387,4.550381827063548
120351,6.493091000000001,3.223108215724677
14796,3.1435089,3.912117098619245
109817,9.121109100000002,2.9003044432042717
73973,1.0348,4.967507905318974
205891,3.3389115066666664,3.854837153107353
274404,1.85517775,4.413020907652886
56546,63.9954193,1.0498181573291168
103811,65.724644,1.024493250735682
11699,35.5866765,1.607219106954783
2498,4.3748871000000005,3.5981578662236657
56452,11.830485,2.653263685444108
90822,9.58765275,2.8529222530647917
60316,4.388973399999999,3.59510449436562
119724,5.067008,3.4586558996439165
17316,1.5700955,4.571495127257319
38904,1.535765,4.592493890570337
54916,16.514384,2.336444473056666
186729,1.5183590000000002,4.603320559648523
256045,37.83102844999999,1.549128843935424
259160,3.4439948,3.825404429422271
10046,2.8444800000000003,4.007061952672399
107646,1.0,5.0
109716,1.2122296,4.817193646430177
46509,141.615423,0.2953613604302251
100865,1.890834,4.394938448436598
76312,1.5004865,4.614567317375734
48431,1.5148511,4.605517522693156
57336,1.9617112,4.3599853514389855
75508,3.2233618750000006,3.888290300466373
4042,3.824120600000001,3.725960144103031
81585,2.3543592,4.186686719299856
116382,1.784296,4.450023197988987
40066,4.48684,3.5741574966420098
418682,35.2379826,1.616571897602986
52556,6.631264,3.2031077959283274
219033,1.2148058,4.815177224206914
96347,6.2755279,3.2554795942751245
260344,9.717561,2.840138848890321
12716,1.6102122,4.547531257916647
43826,3.1397788,3.9132448449618913
185151,33.104018,1.675907939606648
61523,7.336463,3.1071161999856103
116236,1.3596372,4.708193899622772
222467,2.0315962,4.3267367473611245
276759,4.798495,3.5103726472584844
458008,1.0254895,4.976092613931527
19047,2.150411833333333,4.272750459543959
191886,1.0235345,4.977905112596331
53892,3.1970290666666665,3.896081709185724
216575,2.5409156,4.11425624944401
33400,1.2449294,4.791911419597122
456285,1.44092275,4.653041003622472
130055,2.507772,4.126727363941964
347607,2.6983609,4.057152186188602
241166,6.647864,3.200733052994009
76453,2.3369554,4.193734126495148
34881,4.899657,3.4905563723032524
101041,4.914339,3.4877144152274053
50449,1.3001396,4.750695428774791
56659,38.58384655,1.5304132314966992
428004,3.3474835,3.852401766686757
422465,1.5409500666666665,4.589292450881812
373058,13.784327333333334,2.508079069082904
23094,3.275646333333333,3.873007155084246
14200,16.1330894,2.3586319884924203
30612,7.655146933333332,3.066727937387503
11067,2.6154435,4.08679730608261
62315,2.95893184,3.969592827913537
12808,3.577303266666666,3.7893324177257712
13750,1.01507416,4.985788888885833
61890,4.343471,3.605003242006875
68493,8.483398649999998,2.9691486757583267
121271,1.08788,4.919994650708526
322805,6.465573,3.227142208692713
261129,4.9411017,3.482555804091953
99570,1.3588456,4.7087470676310685
54086,13.222044,2.547636637575537
157475,2.7224876,4.048697229857207
180506,6.7778207,3.1823442422660038
137211,3.5396254500000004,3.799389569800944
28549,32.342589000000004,1.6980103541854132
141488,3.028451,3.947534892938652
267858,32.657635,1.6888028830815585
138316,3.138437,3.913650848110572
95311,2.4268,4.157902058511764
94654,4.322183000000001,3.6096699673077968
75658,3.7480014,3.745057317415452
27652,6.6583835,3.199231234533832
114679,4.771756,3.5156802793363573
44895,1.5568,4.5795725306268285
101967,6.4304622,3.232314267273926
52190,2.4995024,4.129864702259106
42292,6.363926,3.242193432124166
17762,1.731722,4.478430510454239
106670,2.0510245,4.317696571204944
217948,1.793408,4.445184950380046
197575,1.3470595,4.717021498920996
132261,34.1737903,1.6456991053672088
12115,63.59922889999999,1.055716781580666
43400,3.604431,3.7821567207806863
100227,2.3515138,4.187835351600046
139639,8.2582068,2.994702717951513
22513,33.31273615,1.669938111229968
102718,1.031671,4.970384339409195
69753,1.6169583200000002,4.543560159703213
106872,2.503329875,4.128411338416167
121214,10.14428075,2.7993193275741213
54311,5.083705625,3.4555309978984505
84873,2.9481656000000003,3.973055156249172
42176,2.07776,4.305395299469559
162387,2.184047,4.258008837712427
27493,3.6493347,3.770396864914789
92316,36.755592,1.5765213501221886
218867,3.4354792,3.8277558920919055
23480,7.450345333333333,3.092485390768171
101657,1.744967,4.471193385564056
304604,1.4240922,4.664200748307181
209386,1.98736043,4.347646825602664
3436,9.695454166666668,2.8423021231264465
19091,64.190021,1.0469342180569057
183811,5.0921934,3.453946473184107
78792,1.149693,4.867502910746235
17962,10.713988,2.747420282626519
48760,32.5524785,1.6918662526245836
39560,3.6782098,3.76291094584855
406380,2.1330792,4.280437282969395
158351,2.36473325,4.182510643259208
91665,8.36935782,2.9820037296164363
12584,1.324,4.733421918564232
85473,3.84210225,3.7215043332797855
20379,30.0747969,1.7670608366650586
31326,2.46624775,4.142586598712173
105212,3.073736,3.9334369846959434
242482,3.2327923333333337,3.885515466120842
12249,7.366798000000001,3.10319689738188
131436,1.263497,4.777849643198538
48385,3.81505075,3.7282155873534166
223058,185.882429,0.0370071159886758
70755,1.8852,4.397772835230856
97122,2.5876,4.096963265280636
126070,2.3060686,4.206371483104256
67433,1.7954806666666667,4.444087847456539
97486,1.76545,4.46010884666538
43023,6.2353766,3.2615762299119195
37861,3.3614172,3.848456343764777
45308,4.830489000000001,3.504060639547944
21882,13.561072,2.523588828789908
109002,6.490003,3.223560047682888
130829,1.6194952,4.542071112427669
31639,2.65979095,4.070826936554132
99708,2.189627,4.25558521020649
45108,1.1127919,4.898489229511151
75167,3.3908199333333333,3.840184151664153
81494,10.2626731,2.7882981454683398
297254,6.29044355,3.253224710475782
65503,1.4826712,4.62591219819442
18148,1.5374776,4.591435278145033
9155,1.7232688,4.483078369648766
26785,1.0757383,4.930655241126561
28005,1.838472725,4.421612469914577
146558,22.2786605,2.0520664246972857
41950,1.0556318,4.94857649284314
53682,2.4307643,4.1563517222759705
21881,7.164026625000001,3.1297076724179784
247715,3.809344100000001,3.729637437365711
97116,1.0795091,4.927331595909468
12396,1.004536,4.995701293699082
186029,1.265308,4.776489198069251
118784,4.493198850000001,3.572812323199376
30372,34.119292200000004,1.6472150473658784
135662,4.5625208,3.5582699886249527
292128,2.1260450000000004,4.283574702888442
84907,4.229563000000001,3.630245202696409
90487,1.2886905333333334,4.7590967425975705
99636,2.739742,4.042696429171594
284640,2.5846158,4.098059312298265
125618,6.928887999999999,3.1614063617598185
306761,1.670435,4.512655146880209
309187,1.141207,4.874539735390187
56846,35.94802716666667,1.5976230322799008
63217,4.138834826666667,3.6508417637362784
40982,1.5807319999999998,4.565082239864859
4332,2.2502152333333334,4.229659804610667
105141,1.3703294,4.700753610574175
33919,37.04806,1.5689933325651235
378574,13.680420800000002,2.5152660609603004
28995,1.7025077999999998,4.4945909425614685
443987,2.209674333333333,4.24692848255334
118258,13.907984,2.499596272291934
110601,38.501401,1.5324449987707598
20112,8.8858104,2.9251290667972656
78145,1.7424598,4.472559105975886
19678,1.262105,4.77889665653484
208401,3.4078159999999995,3.83543511642272
32331,1.282525,4.763651978224019
52284,1.730931,4.478864466123066
48463,11.056581349999998,2.717523610953533
62254,1.5219188,4.601096274941152
67382,2.261603,4.224865057189368
81845,2.862974,4.0009063893900185
32734,1.5372795,4.591557669716267
53908,1.629726,4.536089619426119
30021,8.8874286,2.924956107678387
17365,35.3336946,1.6139954930038365
45069,48.072443,1.3215680367081746
364964,2.9972773750000004,3.9573627646236234
187362,1.771312,4.456960241358315
116367,2.842005,4.007888769258134
248495,7.539525,3.0811835043172584
270058,4.793711875,3.5113199113555904
245944,1.9516734,4.364857996825257
115609,3.0283468,3.947567574476977
162864,33.8596986,1.6544694094155177
34390,5.379627999999999,3.401790534128097
112845,7.324953000000001,3.108607542310281
48201,68.0439195,0.9915535501847538
131824,2.400696,4.1681743472480255
28980,2.47250375,4.1401802550855535
95711,1.5301103,4.595997643082145
63297,3.294311,3.867610350353803
135040,3.109547,3.92243477222836
18647,5.395090000000001,3.399064458490012
23108,2.2456634,4.231583116730913
34382,5.260113499999999,3.4231301027690213
16856,1.006789,4.9935733655055845
228463,12.91925924,2.569640759697335
63269,7.306456724999999,3.1110090068609244
57685,125.899582,0.4070908199657462
69501,1.570388,4.571318194924852
13389,4.3133042,3.6116231615200656
30366,6.66174875,3.1987512948595223
70282,7.480494033333333,3.0886495302698966
177031,1.8757353,4.402553516108875
50973,2.133749,4.280139075967054
106369,1.8065467666666664,4.438251692857997
61591,3.739947,3.747100693779081
137287,1.286671,4.76058641494909
31004,5.5723805,3.3683534081465822
115035,1.092545,4.915930320314942
18039,17.541953,2.2791090857828378
246875,4.440321000000001,3.584056666609399
247977,3.519972,3.804678134596216
37425,1.3578395,4.709450592923086
198732,6.366960000000001,3.241740706785248
18725,1.856065,4.412566752233263
62149,4.1444134,3.6495623813037543
120317,4.693037,3.5314802510512355
33770,2.8032182,4.020941083292771
86485,2.85920387,4.0021580105078245
166599,6.732733300000001,3.188683836967928
205289,1.8375476,4.422090549687471
76565,2.1482301999999995,4.27371457348756
29829,1.527034,4.597909215435712
64462,17.815177749999997,2.264428968857512
56958,2.45691,4.146189703214907
31128,2.556690266666667,4.108377659459586
13909,4.0575434,3.669683236296013
96865,2.217692,4.24348830498177
152903,2.4582381,4.145676402314471
313442,4.499493,3.5714827100703426
126137,15.271871,2.4107396758399418
69407,4.6527672,3.539665715553963
29636,2.2844516666666665,4.215317160480056
548,7.55502705,3.0792325508826397
1035,2.1330792,4.280437282969395
1522,7.514884250000001,3.0842928459317087
175264,1.095165,4.91365527739613
99821,1.6074153333333334,4.549182512172392
4573,1.855062,4.413080172459682
19395,1.4492952,4.647537984390654
217973,3.176535,3.902190076334272
30864,4.068807,3.667050182091896
150739,33.102717,1.6759452691753849
77442,1.384504,4.6909790520309125
125897,2.5116112,4.125274354903142
79309,2.295173875,4.210869486831035
51251,94.620976,0.6783686609759598
14187,2.1915084,4.254769431550796
52381,2.6987815,4.057004144769501
136292,1.449252566666667,4.647565925694955
98370,1.881208,4.399786286758234
70868,40.2314392,1.4906958587892214
259459,21.006526800000003,2.1079129800471748
219782,6.710058,3.191888200970856
169052,1.975612,4.353278504725263
33811,3.748908,3.744827590806728
121959,3.3119437000000005,3.862539948468608
143498,1.4203097999999998,4.666726871827943
151779,1.5355824,4.592606831063172
18888,7.2266998,3.121434357186835
41596,6.675153000000001,3.1968420327198857
80434,1.4731034,4.632061419732451
23232,32.405645,1.6961603339687852
213535,31.1165444,1.7347169427662157
32422,3.01155975,3.952847443268034
33884,4.628997000000001,3.5445306960247964
57424,51.280797875000005,1.2602018358565037
89396,2.474306,4.139488156929133
27560,1.78028072,4.4521630606462566
134924,1.4362908500000002,4.656099199457162
239454,2.5572980666666667,4.108151882920264
48052,64.60310859999998,1.0408412514426282
90667,2.706733,4.0542097343824
57153,5.916920500000001,3.3113692517723914
26249,7.399443000000001,3.0989971296220777
150764,6.24268,3.260464354739951
11930,2.479,4.137687935594975
47515,3.6470030000000007,3.771003944471192
22176,41.5969032,1.458993274704788
184426,64.291709,1.0454307082412224
57811,4.6421342,3.5418388623467454
73062,2.5056000000000003,4.127550378967428
30779,7.21658115,3.1227652241149246
2663,2.03838616,4.323567523340702
11919,49.5761855,1.2923117295262057
17865,1.0,5.0
85373,4.341736000000001,3.605382729229957
49786,13.7275777,2.511997578178372
17722,1.8219605,4.43018193871692
202691,4.6584026666666665,3.538515965242963
253670,2.1618895,4.267694269609153
65340,2.810585865,4.018447920043601
70199,29.471444200000008,1.7863099007959262
40837,4.7734581,3.515341530938937
47516,2.312075,4.203900755258728
85108,48.023381,1.3225379180794894
51517,2.7864153,4.026651661253925
25967,5.06200065,3.4595950148850814
135341,1.3715,4.699942563682355
29690,6.998696,3.151884740708023
133585,7.99838375,3.0250670015941825
17000,2.0092980000000003,4.337219481752838
187367,1.0,5.0
236995,6.5881074,3.209309568101559
153569,3.5858729,3.7870597567090942
46690,1.793977,4.444883641362613
23836,1.5096474,4.60878593737822
60816,1.01108094,4.989532829573258
59155,6.5976146,3.207939864374956
91093,5.981751,3.3010187109830835
16813,1.564828,4.574687075588057
34857,1.815653,4.433475903779809
66543,1.73688235,4.475604312604276
9822,1.7622460000000002,4.461834205060115
309164,1.569746,4.571706581938318
273264,4.721130166666665,3.525811362406116
169813,1.8868898,4.3969218320983385
54666,1.426162,4.662821245108814
6916,1.0,5.0
91735,33.798608599999994,1.6561846575775008
62259,1.5568,4.5795725306268285
105177,2.48055488,4.13709236665779
76273,1.3899145,4.6872744306636855
227151,7.9060745,3.0360927750710656
193864,4.2213055,3.6321014046428735
255607,2.3958180933333333,4.170106252211297
213785,32.6928308,1.6877797784687052
105071,5.267353,3.4218237435336616
89186,1.149765,4.867443428842179
116992,2.272765,4.220188739810265
121267,2.93098775,3.978605668949217
30380,1.386601,4.6895415006423615
89030,3.428811,3.829601293998973
231271,3.72271265,3.751487817604852
53751,1.0821671,4.924995759618894
90323,4.6743864,3.5352625084261105
113519,1.7074,4.49186548319215
238240,2.4932645,4.132238125501233
197103,8.9233188,2.9211281055635
89932,2.12476294,4.284147650255018
75813,2.4035976,4.167027023713116
12360,11.5767353,2.673858152397219
33721,3.679184,3.762659408792996
17905,1.3379515,4.723465512776496
78747,1.9102348,4.385242383250953
105272,2.857505,4.002722546884246
32987,2.8515627,4.004699823291719
41617,2.386780133333333,4.173696173119632
27212,3.999248,3.683428642967062
64056,2.027755,4.328534327538915
199205,1.8386986666666667,4.421495745876663
403520,14.973187,2.429500395892477
206434,1.5568,4.5795725306268285
329528,2.546555,4.112150488761971
162841,6.887807,3.167054638445125
48587,2.32225,4.199729886968303
40857,3.186377,3.8992517120454586
19209,2.536853,4.115776128737327
111949,2.4319871,4.155874026700543
114580,2.416388,4.1619860172727865
41503,1.75799073,4.464130529828441
40237,1.128373,4.88528207839798
26333,12.0038145,2.6394485357480453
162319,1.33681646,4.724271638774513
21203,1.141804,4.874042978174633
137143,1.00573988,4.994563652171757
388397,1.493576,4.618951889593935
43104,14.76324975,2.4429121517757357
107271,23.300606,2.0094662831645604
326745,8.759263,2.938753393546666
108775,3.0148214,3.951819288131419
25779,4.352034,3.6031325205725113
37482,4.1919260000000005,3.638735186307189
14873,4.94184777,3.482412396927054
59780,63.593702,1.0557993276654691
134820,7.284396750000002,3.113881126308912
291921,1.765733,4.459956601307818
18897,4.355407,3.6023966462151598
70538,1.846408,4.4175215868506985
132645,1.9518897416666663,4.364752714174709
25775,5.0307308,3.4654806904254984
48356,2.4648765,4.143114859717129
73488,1.5914872,4.5586415140327015
140261,1.9057374666666669,4.387481248297999
102191,4.60975535,3.548487162225236
211225,3.212648875,3.8914523785657726
76296,1.85234425,4.414472743154111
9773,3.0808530000000003,3.931240258392918
41893,1.37618662,4.696702371194188
238981,4.380543,3.596930703528449
105102,6.4885545,3.223772064310811
87115,3.5344517,3.800778925900305
8794,3.0115408,3.952853420043601
439307,7.131075900000001,3.134086484587329
50844,45.3785662,1.3763442392275156
2772,95.4712975,0.6698709992437151
171792,2.4574423333333333,4.145983926978279
161449,1.2755247,4.7688505806529
180968,4.33782375,3.6062389914421167
56369,3.2973884999999994,3.866723442420671
13573,16.853844000000002,2.317118191938141
118242,2.7593168,4.0359342192063
173082,5.793855000000001,3.3313331110442705
170085,1.050219,4.953459340626054
558,26.20178675,1.8980049026608043
346,2.21257225,4.245683621594723
280,4.224056,3.63148271724825
57790,9.4361535,2.868050900325479
43703,2.3477015000000003,4.189376482996978
62,2.358722,4.184928235573893
278152,2.8345981666666664,4.010367458779386
149120,1.017515,4.98350766577596
456,2.0041555000000004,4.3396535578385205
264541,1.4118776666666666,4.672382679060434
2677,1.62914916,4.536425871905889
1438,2.0087802,4.337464287444508
2781,4.021071533333334,3.678259574150054
284500,2.206572,4.24826296568292
22981,11.950406,2.643684057384264
20048,4.5045595,3.5704137833797867
43516,1.846957,4.4172392107313945
84828,1.4041488,4.677596522913214
103284,4.644748700000001,3.5413040560213327
145027,1.2494775833333334,4.788447650150368
84330,7.214812,3.122998105217082
37297,12.5108569,2.600151663083661
16015,1.382636,4.692261452454083
75620,5.7782768,3.333890413014672
28799,47.902644,1.324928931471007
83061,2.9613915000000004,3.968803590755425
59965,1.985959,4.348316857987613
115028,1.467597,4.6356185136385495
38642,1.737599275,4.475212334724912
73953,5.981624133333334,3.3010388561864183
45107,8.214980599999999,2.9996875239789977
33170,9.010945,2.911846315786239
198,2.6941847999999995,4.058623329525984
118112,1.5075842000000002,4.61008494170124
104086,8.821740899999998,2.932002481829317
148440,24.9957,1.942764699725247
56708,5.0939924,3.4536109694012085
102073,10.7667562,2.7427536708006737
46925,5.4775238,3.384661307047369
74629,17.5391908,2.279258660856042
76043,33.9815582,1.6510571332118076
188329,9.2848875,2.8834005556159195
119562,7.411809,3.097411084936655
94469,1.3181006875,4.737663527321796
100480,1.9994119,4.34190436851465
40452,1.3484809,4.716019774288743
155369,1.5848398499999998,4.562617106088289
68952,96.38549116,0.6608190487887692
2032,9.2792288,2.883979611194763
86307,7.103192,3.137807802588993
46645,2.4951665,4.131513815617857
53914,12.397997,2.6087589590127926
108926,2.6361119,4.079320794748044
35217,33.36029805,1.6685829627057485
53538,5.6848308,3.349376646912964
809,1.18522045,4.838595804660512
82594,5.100085833333334,3.452475456688961
63071,1.9647065,4.358536173350152
17588,14.650764,2.4501769437261083
83289,9.7770866,2.8343383200629235
24561,2.3266424,4.197935027853916
73469,2.527932,4.119122166371061
177581,1.0,5.0
59917,3.691406,3.759509352819064
310310,2.278683,4.217718702761923
112889,4.1978095,3.637402998646075
137609,1.913251,4.383743807878392
106262,1.524584,4.599434369993169
22751,29.9139322,1.7721549661541187
3805,1.2858694,4.761178349057867
116242,3.379197,3.843445553156621
152772,1.1811509,4.841862749226437
55355,1.5803345,4.56532112072276
11734,5.189962,3.4358827957569478
265364,1.285869,4.761178644526273
208429,7.0108866,3.1502317217215
241627,3.2013046,3.894812300913732
92302,5.44040625,3.391119611509392
25033,9.8341275,2.828812955219719
30221,4.412956093333333,3.5899284380764818
25723,1.0520340833333333,4.951819168126691
106499,6.0668686,3.287598258810587
23686,1.844752,4.418373853193303
19851,14.6238488,2.451923507391769
21896,2.694484,4.05851785248323
70087,11.2097226,2.704458029267621
19177,12.148683,2.6280540436152404
105682,1.2634706,4.7778694896149965
197453,2.145096,4.275101363623048
235379,3.2826136666666668,3.870988993342449
17658,4.2275865,3.630689169671419
11030,7.565387866666667,3.0779308590038643
159253,7.003019999999999,3.151298086376435
14384,2.44235105,4.151834893678093
215544,6.788666,3.180825611772623
31314,38.48467561666667,1.5328577056866668
104628,1.38089794,4.693456204729776
195237,6.719751199999999,3.1905170816409485
3161,1.6298688,4.536006396604061
29569,5.1922945,3.435456012127307
106334,4.203941,3.6360166422951377
393491,4.4970949000000005,3.571989079313647
41602,1.482061,4.626303187236749
106232,1.098773,4.910531209837099
163356,3.0141749,3.952022992977383
98439,1.635054,4.532989427881126
151956,3.044411,3.942542390086458
87925,3.6511376666666666,3.769927711812984
110686,1.01683574,4.984141956080098
27208,32.2142496,1.7017869122756548
66603,8.8082229,2.9334590772951987
234465,3.76,3.742021438490747
67682,2.2042512,4.249262495957101
80085,3.2789870000000003,3.872038960551028
32871,3.3029578,3.865120522447546
145038,9.1793825,2.8942553967914475
29935,1.16613325,4.85401677310062
50334,3.6541355,3.769148152982228
190135,12.665815333333336,2.5884593557566693
15863,7.410977800000001,3.097517610421611
125034,2.6756775,4.065170587938439
17615,3.148038,3.9107495826910816
45354,1.1421,4.873796776095905
42725,10.7610042,2.743261243066223
70115,4.528084499999999,3.5654661949270725
84764,6.79019916,3.1806111243388195
128256,1.4306133333333333,4.659861241582682
179050,3.2823935000000004,3.871052701377444
198003,2.05221875,4.317143672152615
87537,32.307894000000005,1.6990298207968817
101601,1.0,5.0
1600,4.059462460000001,3.669234107863919
146414,2.9409544,3.975381292776237
88556,3.179762,3.901225641988483
10211,1.478141,4.628818794385643
60764,1.796218,4.443697867912077
11756,4.437003949999999,3.5847664858510564
49106,6.694903999999999,3.1940357333857428
20662,7.232526733333333,3.12066880842574
102048,3.5931470000000005,3.785134927919824
71101,4.1126428,3.656871755007509
19611,1.4435695,4.651297906787694
53179,3.831834626666667,3.724046065603489
192661,2.3510080333333336,4.188039665178933
220639,1.282414,4.763734188060631
174106,3.9322928,3.699465339558058
69038,2.3641452000000003,4.182746872662243
218464,2.4845122,4.135578268647854
154224,41.24283940000001,1.4671126623589847
16371,32.965635,1.6798868045479172
119679,4.422173,3.5879466815605783
183075,1.9765401,4.352832397787334
432,7.76402486,3.0533137657099005
43891,1.528511,4.596990946924195
9156,4.995252375,3.4722029769615625
83807,3.0746545000000003,3.933153195689137
21313,2.1067425,4.292237695674023
188644,1.186921,4.8372339625949
23036,8.559977,2.9606131326922887
172801,1.355186,4.7113085821938405
99550,15.7090288,2.383932511426781
44124,1.548676,4.584542120799989
47111,1.17705745,4.8451602552723045
149360,1.90718,4.386762550489735
30698,1.5689416,4.572193439395956
35988,20.313854,2.139760993771559
79964,5.79157755,3.3317065455550945
242319,2.9529732,3.971507514488665
172692,5.750207500000001,3.338515693507913
29324,2.5765354,4.101033473333764
2509,2.6563980000000003,4.072039361762145
106826,2.8064104,4.019860062920224
11489,3.2586090000000003,3.87796033782138
53809,1.597883,4.55483201057721
400137,1.853984,4.413632293630951
173513,29.599836125,1.782180948575141
30658,1.167416,4.852972526805851
30519,1.006457,4.993886635709537
324570,2.8243984,4.013791422258446
177017,1.0622104,4.94267558099596
51351,18.1602257,2.2462082736587665
305221,1.0225435,4.978825200560757
110733,32.412037600000005,1.6959729804392585
429576,1.863300375,4.40887127444642
22782,9.9443815,2.8182232675595187
31235,2.450581,4.148639633192041
194201,1.034872,4.9674418194173695
99184,3.188654,3.8985731983857863
104329,1.388595,4.688176573673264
281782,11.035691,2.7193199292948957
10554,1.1905572,4.834328539363532
209249,11.166079,2.7081633035488286
50064,3.63360172,3.774500634747942
83772,10.389313180000002,2.776649038343128
49534,2.4025323333333333,4.167448080511765
193141,1.40407466,4.677646676126789
330734,4.1551860000000005,3.647096674153363
194400,5.461265,3.387484869632277
76386,1.40221,4.6789089274751845
70912,48.489595900000005,1.313361321009345
53558,1.0566399999999998,4.947669769550973
135215,1.8199181,4.431247290972395
60399,1.8627236666666669,4.409165302266914
133699,3.604371,3.7821725320232127
85570,2.7593168,4.0359342192063
5000,4.509450000000001,3.5693831287903497
17998,12.5980255,2.5935567013479037
57250,6.0966694666666665,3.2829440304116817
353859,1.32629,4.731780497359392
137331,11.258051,2.700371817264816
34185,8.313800659999998,2.98832990480166
17225,7.186504900000001,3.126732081700208
536,5.36952615,3.4035758069741
27797,2.352498,4.187437892164339
79271,2.148053,4.273792925230831
41657,1.2196305,4.811412351347479
216350,8.8406248,2.9299714308145446
18675,8.204743749999999,3.000871869388195
91661,2.332644,4.195488074292623
100898,1.1964186,4.82966374972263
64533,1.431441,4.659311883587028
84696,3.22949005,3.886486213632549
30505,2.2722945,4.220385391600041
218589,1.203916,4.823730151226723
234919,2.2421542500000005,4.233068520994104
4892,1.0325489,4.969576422008845
103832,6.0102553,3.2965033009131552
264447,1.8960226,4.39233559658045
61946,6.0172405,3.295400031628862
84592,4.9759966066666665,3.4758714867188707
133828,1.899197,4.390746674176747
55665,20.011840600000003,2.153988550404704
69215,4.528046,3.565474270919526
28943,1.8520255,4.414636203988897
234175,10.439866,2.7720384968930007
35393,1.6997086666666663,4.496153872782719
89105,1.764792,4.4604629249301055
445,2.3069680000000004,4.206001106252785
24476,1.3046472,4.747408036967959
33051,1.094138,4.914546410239789
42431,2.0799000000000003,4.304417516007347
11642,20.2071425,2.144763757110856
13251,1.804534,4.439310542078977
142314,1.4972948,4.61658987138964
151788,1.7993986,4.442017464177021
148215,1.201516,4.825625530594168
38510,2.6769842666666666,4.064706814253887
16271,1.1661649,4.8539909940159065
16666,1.4320185,4.658928760082567
51655,2.6931755,4.058979224703982
79132,1.662624,4.517107014877502
333689,2.123915,4.284526781139334
53688,64.37815964999999,1.044154359607623
169371,3.280938,3.871473976412942
19383,6.332858750000001,3.246841663833381
130223,3.441719,3.82603228967192
175849,18.8277528,2.2119209719729342
104248,1.4912,4.620464101423705
37174,2.1576515,4.269558078324595
456890,5.98732975,3.300133281495212
62221,5.5076798,3.3794464241319657
41575,3.2679934,3.875228861117391
70287,10.25667876,2.788853097688642
178083,18.45139633333333,2.2310999734961574
69633,4.10412,3.6588421783786136
37780,2.293984,4.211362032152503
4460,5.646266,3.355842095427541
25897,6.75094335,3.1861182843857567
46427,2.7469596000000003,4.040197467667007
29253,1.00645541,4.993888136258234
916,2.2352865,4.235982341650296
109503,37.3522272,1.5612269633250528
647,3.2972896,3.86675193163924
749,18.871735774999998,2.209704678910253
25025,3.607914,3.78123932896273
61911,2.424856,4.158663232836594
25038,20.43371905,2.134172819729219
69708,49.3596025,1.2964703519279952
100291,1.3935924,4.684764361349498
69004,1.012512,4.988189407107262
140915,10.899351199999998,2.731127692042356
150458,19.9562535,2.1566305862482
58430,32.269492,1.7001594899763035
118487,3.5335554,3.8010198244962337
79308,7.511904650000002,3.0846695233914976
57533,2.5372015,4.115645654278991
24205,6.804374750000002,3.178630265407657
230853,2.1449085,4.275184391010327
117532,1.01507416,4.985788888885833
83203,4.275314,3.6200260570175633
101750,16.863512299999996,2.316573470507877
75757,2.0114172,4.336218222549961
144439,35.011431,1.6226982755123802
8673,4.1356336,3.651576707639574
19559,5.263544,3.422510849110718
84022,1.063738,4.941310574078712
8309,4.143371666666667,3.6498011601946536
20158,1.011956,4.988711132209876
360549,5.7775336,3.334012588237853
40497,8.48451,2.969024252839808
71557,7.377214500000001,3.10185479994449
85057,1.3202503333333333,4.736115736452154
404610,2.0857185,4.301764073545076
49595,15.6104408,2.389912342826829
116878,2.1521089333333334,4.27200114816486
58942,4.523015,3.566530195056285
2886,2.8602860000000003,4.001798592366213
271920,1.266406,4.775665315013278
15507,2.745934,4.040552162349513
27735,2.7089302,4.053439015829567
124902,3.2798512,3.871788658047099
34288,4.214682000000001,3.6335929262507034
4218,1.04852988,4.954988236707876
69639,1.351494,4.713899793887392
322833,1.49473465,4.618215335933414
52206,1.891026,4.394842004788791
18643,10.47728924,2.768639763679066
17300,6.1958973,3.2676092269956376
60052,29.266340000000003,1.7929433072126737
133475,5.1235063,3.4481236395720374
10833,8.2451656,2.996203863466741
7417,1.0,5.0
78853,8.598883733333333,2.9563057356024194
125195,5.520519500000001,3.377234713458295
76913,2.1428175,4.276110804541271
80435,38.9363934,1.5217738516004429
181385,1.7556463999999998,4.4653980058409415
3368,1.1317605,4.882434842939054
29968,1.6341204,4.533531928967862
185633,40.5802741,1.4824956264299989
58917,1.4744472,4.631195353223471
63860,1.945668,4.367785191993206
26231,1.35173,4.713733946812321
153075,1.355806,4.710874130686714
73578,2.3294245,4.196799934911955
29207,1.032453,4.969664643826006
110156,1.003128,4.997033555394639
92658,1.7247007,4.482289460221798
53301,4.090631500000001,3.661969021604892
124324,36.955887,1.571359398871732
59898,3.0626185,3.936878700604942
107544,12.355999533333334,2.611981927298625
71127,1.8986906,4.390999970822759
219707,2.6218836333333337,4.084461357800655
237351,1.05283,4.951100842419216
14593,7.9228018,3.0340852833195187
108248,3.776863,3.737771107117509
191122,1.2001669,4.826692633663655
18286,1.33936725,4.72246097938328
281472,17.990563249999997,2.255123841111185
135831,6.284407999999999,3.2541364942633133
118010,10.622734500000002,2.755544888768354
62507,2.14962825,4.273096630428682
1267,2.2027162,4.249924173517487
168529,12.358106,2.6118200121277937
29598,9.407514,2.870938109045091
51209,1.02269391,4.9786854959205495
248439,4.6553814,3.539132192290587
28755,10.861695266666668,2.7344149358857432
21084,24.5949435,1.95811681181912
148628,62.21472263333333,1.076622326948866
66229,7.975738300000001,3.027760037196498
491126,127.8671148,0.3923617981953434
56297,63.73452008333333,1.0536983967198277
38298,8.995432600000001,2.913482870751793
304683,3.017557,3.950957814684683
15072,2.9126071,3.9845809735230495
102237,2.528945,4.118741622345552
29828,4.5275175,3.565585139212016
60449,2.0985228,4.295950832626116
118821,2.382043,4.175583218668254
21033,6.5474307000000005,3.215192273222504
185603,1.116424,4.895394063864521
318283,2.831204,4.011505478156608
50284,25.597306,1.9201745040475129
15039,1.196442,4.8296451726916345
98761,4.2985182,3.614884785645444
241796,2.4008995,4.168093835975709
100069,1.646705875,4.526244633908727
9497,7.1242578,3.13499506602262
12619,1.2420449999999998,4.794114661658004
93520,3.9526926000000007,3.694550562388954
21171,3.3910926666666668,3.840107756849929
58901,3.623576,3.777125010014968
58562,8.0850297,3.0148328442420835
222264,15.103277,2.421283690932878
264190,4.813785,3.5073508920057157
109764,1.7542524,4.4661524829172885
185445,3.8712668,3.714321577743165
70522,6.13462,3.277049830250508
99319,3.7712269,3.739189575153519
26882,6.2283305,3.2626501685345355
78123,63.797517133333336,1.0527600166005795
63447,2.0745375,4.30686958769973
137345,15.206082666666669,2.4148402210197237
18010,3.1599380000000004,3.9071658526158815
13221,3.4569795,3.821830056432572
99081,5.2239764,3.429678004125769
192957,1.4980756,4.616094686792055
66859,30.054189999999995,1.7677118751188774
43537,94.98032899999998,0.6747681982456395
50367,2.239548,4.234173237818862
255591,5.6023298,3.363262101091009
35901,1.840908,4.420355134373265
70239,4.249071900000001,3.62587415584356
113840,1.7921638999999998,4.445844085904705
187731,4.454549500000001,3.581017897477713
110846,13.264106000000002,2.5446198182814483
136289,1.2829953333333337,4.763303714571968
151146,10.484405275000002,2.7679948678743047
1873,1.4246268,4.663844250227834
41009,16.070818,2.3623053058323515
28026,4.019262400000001,3.678687013345421
57876,2.2557,4.227347456577182
128237,3.5798027,3.7886690077850487
101836,1.308914,4.744306707932156
156881,1.01182775,4.98883151686059
58047,3.3151224000000004,3.861628764395574
125735,4.94030494,3.4827089786370378
127066,4.792870499999999,3.5114866374755285
59183,11.118738100000002,2.7121988833201662
79462,4.41745995,3.5889595328919186
65423,3.6663055,3.765990011510772
80728,2.1265925,4.283330132649144
87421,1.646394,4.526424543165277
134612,1.1349626,4.879751262880215
46596,48.204079,1.3189706751906334
27188,48.2555217,1.3179575661679774
102176,1.0359821,4.966423484842953
50342,15.278179499999998,2.410347399578024
89751,2.129448,4.282055590140304
60956,1.571364,4.570728053938127
119415,17.099565666666667,2.3033700031204427
127929,3.98738775,3.686249675743212
107384,2.064583,4.3114382606003065
170506,1.2802266,4.765355693679443
93142,9.1879074,2.8933736942536896
86698,2.2442815,4.232167790306381
168634,1.965072666666667,4.358359167137822
17778,1.48837925,4.622262506966765
30951,2.682018,4.062922447024151
134725,4.17779204,3.641943163633912
91423,1.62152,4.540884308519198
177343,3.0582100000000003,3.9382469288645336
35659,21.976015,2.065057936069291
218058,48.69836145000001,1.3092807128407369
307575,3.43864675,3.826880537787547
132849,1.2623903,4.778681969877504
151177,4.30042375,3.614463813669517
4271,2.8652415,4.000154410208446
10696,1.353818,4.712267881952217
17111,5.0416358,3.4634239846745225
23367,1.28666825,4.760588445030698
45070,15.514489,2.395768651623855
3166,8.154089299999999,3.0067541334832137
10090,4.176795,3.642169870901813
1904,4.0164713,3.6793468367635658
16110,3.776863,3.737771107117509
61131,4.033019749999999,3.6754414202419534
222394,2.222634666666667,4.241373723485628
77992,27.78909191,1.8421394848174104
4546,6.7523114,3.185925823997341
117565,1.5183355,4.603335260571645
293168,34.67147699999999,1.6319660441164174
30082,2.4006735,4.168183249404749
100379,82.11379149999998,0.8130297086832391
449167,9.5808109,2.853600306793295
153891,2.0823400000000003,4.303303886820856
178081,2.6118385,4.088107414554539
219157,7.5585,3.078796024438371
37617,3.279172,3.8719853725405233
112683,4.0312723,3.675853059099782
126611,5.102827,3.451965082005935
206184,2.039065,4.3232512544260935
192335,4.4178532,3.588874980746496
17310,1.009775,4.99076045472154
3294,7.916206,3.034876357805751
68226,63.949884,1.0504942429812385
8060,20.98417463333333,2.108924197102299
2056,1.052216,4.95165493794068
2072,2.4560663000000007,4.146515931213201
88238,10.79078044,2.740636633296819
158532,1.7672409999999998,4.459145754570354
28025,2.402368,4.167513051448469
31184,5.956233500000001,3.3050792680765
205367,2.416926,4.161774563657797
17977,1.32774766,4.730737154504962
302218,34.200606,1.6449540758096934
131090,19.319272833333333,2.1874426059206304
349271,16.8673055,2.3163598432233683
146037,2.313943,4.2031336633103615
18029,1.64967,4.524536437708764
89750,2.5581702,4.107828009474308
66023,32.669227,1.688465794200941
156745,2.55622196,4.108551655694742
83793,19.3342015,2.18670891971543
73939,8.3292856,2.9865624283546053
71017,6.4935756,3.223037329219438
413832,1.11546085,4.896213848961226
138385,3.871001,3.714386795316415
147161,3.0022462,3.955789452520906
144837,9.9171836,2.820824624954448
15148,2.321853,4.199892279671684
77201,7.8115012,3.0475232972593727
468147,2.218049,4.243335414698932
437479,6.390345333333333,3.238258432721761
175469,2.400779450000001,4.168141330866421
311455,2.3623128,4.183483355021703
90774,7.540671999999999,3.08103901549509
210020,4.277714,3.619493005472617
72184,2.631413333333333,4.081015275854768
18599,10.9572235,2.72609769762327
116882,2.5489624,4.111252981757536
137204,3.483344,3.8146136703312994
26233,32.47812475,1.6940382691764688
30981,2.3671245,4.181550643361484
235007,9.067369166666664,2.9059172470989765
147796,2.5099543333333334,4.125901151007841
73020,31.0171886,1.7377546365675935
87327,6.332710733333332,3.2468638643839496
29742,9.894478749999996,2.823001711814442
67860,38.08602380000001,1.5427480840133152
55325,2.3689045333333336,4.180836654154966
63836,2.333686,4.195063874819589
155699,7.7035397,3.060742365422862
37490,1.5876493333333332,4.560934802889723
102506,43.67544952000001,1.4126789491482867
397515,1.00782,4.992601187524474
229821,33.00769516,1.678675703389084
42203,10.5978494,2.757772606218487
16193,1.6116174,4.546702717976677
260536,3.3762713333333334,3.8442682640643167
92871,32.396489875,1.696428715616306
204071,1.7826236,4.450913884176629
94532,5.35561616,3.4060395865169504
410728,1.6321306666666666,4.534689168368864
254299,6.9401078,3.1598695593226247
449378,22.5970707,2.0385873348285046
134397,35.04480600000001,1.6217932676579792
351062,50.31247308333333,1.2783088610900593
59987,3.734580426666667,3.748464621167024
108231,17.784335199999997,2.266074795835611
56241,11.57588875,2.673927611671513
66575,2.73488701,4.044381086619127
26932,1.5567477,4.579604440421703
34488,7.1273047,3.1345889280722545
113299,2.4607466,4.144707641601055
179966,4.9429008,3.482210023742516
8654,64.74383399999999,1.0387744710035305
97930,3.4496805,3.823837638442354
182788,1.5487813,4.584477540376246
31114,1.8157158333333332,4.433443033940186
49200,2.1681615,4.2649426323028905
73315,3.963575,3.691939108636463
62650,1.00606615,4.994255568353361
100336,6.428299000000001,3.232633844184731
249520,1.1004666666666667,4.909068246936181
41168,3.20173,3.894686092158137
227802,1.012512,4.988189407107262
14295,9.832238666666663,2.8289954066892973
92016,2.265664333333333,4.223160896829639
26451,1.57065975,4.571153843731305
128858,2.7063065666666666,4.054359388197101
355621,1.24478,4.792025413017813
83561,12.824512708333334,2.576632269152688
106467,20.00792,2.1541746544861344
47438,6.032384,3.293012600653127
29365,1.4256,4.663195614980486
20266,34.79735599999999,1.6285238004993674
3745,3.36846654,3.84646650035128
179488,5.7670732000000005,3.335733850757682
84516,4.9374623,3.483255668390113
13656,1.307588,4.7452694286928
33029,2.1452163,4.275048097073168
23281,2.37298,4.179203961929053
46877,3.4819378000000003,3.814997188775453
70179,1.270003875,4.772970650061741
224261,2.164051,4.266745080861094
206594,6.585088,3.2097449870970647
39087,4.621978875,3.545971853640824
248806,3.0177635,3.950892817048085
60235,1.2782528,4.766821238663309
209317,1.1942474,4.83138902695718
25401,1.2214707,4.809980304678259
117570,1.009384,4.991128316012665
59553,1.250756,4.787476313614834
70032,4.5067900000000005,3.569943575124469
286794,11.584713549999998,2.6732037878190646
71141,13.723934,2.51224972540579
98345,11.72061875,2.6621257321203093
107190,2.7148991,4.051348438134222
16698,3.320191,3.8601776404439097
10852,12.158764,2.627266196155185
13994,52.2154,1.2430467845519229
100864,2.7182966,4.050160532285034
163665,6.939926000000001,3.159894441088673
264362,6.082109000000001,3.285215200280054
13685,17.6047255,2.2757162452683577
198707,5.6304205000000005,3.3585114273105137
52286,1.4256,4.663195614980486
124807,2.3923266,4.171491482169049
142823,33.62422568333333,1.6610979854660113
37139,8.7278436,2.942166566096691
107986,1.1158528133333334,4.895880143995657
123622,1.506839,4.61055456158699
368118,6.2641253,3.2572070078602025
147262,1.7029557333333334,4.494341072054751
99918,1.5000486,4.614844556222653
53499,4.582422,3.5541359283583995
35132,19.1905795,2.193790996818862
83268,14.7672576,2.4426543307093835
91501,2.6035980000000003,4.091108933646391
347185,2.621372,4.084646726177754
190661,1.15506375,4.863076125287146
452470,2.918504875,3.982659586672839
159179,6.196765,3.267476217443876
121586,3.77602,3.737983134848759
202891,7.079878880000001,3.140930345131517
258508,4.0908348,3.661921817031186
22060,1.025408,4.976168104292206
60824,1.704067166666667,4.493721365303446
56694,48.327313375,1.3165455097022554
37409,2.3755295333333333,4.178184006323836
227043,33.5273792,1.6638377018507795
374959,2.410639,4.164248527927159
55286,1.0584266333333332,4.946065086266324
44819,2.128054,4.282677583539319
123854,5.288714333333333,3.417979555299404
47121,7.427784000000001,3.0953660680816983
296743,12.252646,2.6199603679405734
132249,1.280054,4.765483758862217
3441,4.420243875000001,3.588361126878165
113272,2.5862776,4.097448804758361
213809,1.5828578000000002,4.5638057418359415
256395,2.348945,4.188873520303343
124093,1.13676725,4.878242176013009
279369,1.994583,4.344201145166045
347623,3.4159660000000005,3.833166241691284
296692,6.12219225,3.2789759929595834
16546,3.53793375,3.7998436344526056
84259,3.9771625,3.688688557606128
151854,2.377254,4.177494743848374
25632,1.770196,4.457558864950747
102707,94.635064,0.6782272518486177
58428,7.669191666666666,3.0649868934671587
131829,6.2456026,3.260019780272369
223749,2.941578,3.975179911250294
66447,3.1666784000000003,3.905141938038157
30484,158.04428879999998,0.1911073496179324
45889,4.37323125,3.5985174368402864
135814,32.6450094,1.6891701646296748
77514,10.4496166,2.771151787036573
116053,2.049286,4.318502016080526
95022,4.2568850000000005,3.624129225180948
114852,6.784723100000001,3.1813774417929115
185342,14.13343325,2.484322861238806
80963,2.416879,4.161793034494909
325674,1.50546,4.611424210715271
3983,5.716444666666668,3.344109163962084
198799,7.2790578,3.1145775432309826
92501,64.9060997,1.0363969054367022
161522,3.3380456,3.855083513193071
66033,5.65792532,3.3538827467689027
55514,4.1803482,3.641362190243639
46687,2.7622434,4.034927335195215
25568,72.0498245,0.9372187394205482
2364,6.577489,3.2108417011667534
189820,4.451341000000001,3.581702285749332
29570,4.714172,3.527212294032801
14468,2.4427515,4.151679170785944
44299,9.3076994,2.881069784088699
143043,1.0567,4.947615835911912
84504,4.912623733333334,3.48804599664987
103572,11.35612,2.692133630288164
22641,15.077032,2.4229356559707265
45008,1.013621,4.987149627042717
31997,1.2518862,4.786618418062818
135477,4.8012403,3.5098293864058925
55110,1.4959404,4.617449446789597
83862,2.694276,4.058591177528616
143736,1.9024488,4.389121761119277
141988,1.03426,4.968003696196947
20155,8.004737166666667,3.0243128120257845
57299,3.2501615000000004,3.880425851025983
89493,1.6187294,4.54252036052815
25520,36.6879687,1.5782704741509512
2496,1.948992,4.366163869464215
80996,1.491534,4.620251380705335
44966,2.1805844,4.259515905163116
105357,2.29914762,4.209226414934405
95017,1.3476355,4.716615438443874
140047,5.931363999999999,3.309053483848833
67854,1.044133,4.95897962361467
18732,2.4856985,4.135124851870642
175266,1.235345,4.799252250303246
58220,20.3144848,2.139731499310398
19042,8.284119,2.9917270400527003
66218,1.7849866,4.449655642010068
14242,1.5027392000000002,4.6131423880786455
120465,1.6747724,4.510192032857216
48532,2.0508184,4.317792021399133
121799,6.558366000000001,3.2136072149865718
123993,5.787781600000001,3.332329295677452
198485,32.646574650000005,1.6891246234417965
44163,18.3538586,2.236134303638388
56969,2.0328355,4.326157512782208
12365,2.23368425,4.236663425580997
181274,4.098735,3.660089270634568
145064,2.035518,4.324904951570113
25654,3.1899893,3.8981755232978617
71906,2.466347933333333,4.142548015551082
51631,1.589528,4.559811527686201
10808,1.735988,4.476093524262016
107869,1.6047053333333334,4.550785223805999
11530,4.249583,3.625759911808429
31502,2.9183626666666664,3.9827058698384894
31654,4.118064,3.655620527716714
143126,1.15558687,4.862646049596393
48943,3.7971368,3.732686132927528
10140,1.340426,4.721710446017318
103679,14.7125128,2.4461820752062624
63077,1.7639238666666666,4.460930280687918
107595,3.553352,3.795713267581232
102843,32.778161,1.6853038851004258
19901,3.1515740000000005,3.909683290208493
92103,1.6070898750000002,4.549374847521851
245266,1.986,4.348297248919868
23119,3.7267225,3.750465272033589
113608,3.0909914,3.928119697287512
41707,34.67000194999999,1.6320064543619088
54726,3.416754,3.832947157801824
32544,1.73945,4.474201200212108
17210,2.3562191,4.185936664081419
91199,3.3900377066666665,3.840403293774476
152337,1.5722284000000002,4.57020569818045
114445,1.00135,4.998718588444959
37928,2.31423488,4.203013859082932
48067,1.519525,4.602591429204172
113174,1.7429177500000002,4.472309505112403
51152,10.205537766666666,2.793600928501504
61962,3.5085248,3.807772097129922
94536,2.950695576666667,3.9722404027883815
31163,1.8676,4.40668202642249
40395,3.0915456,3.9279494117966527
218996,34.7196012,1.6306485830066575
137630,1.437762,4.655126810336626
31083,4.1084890000000005,3.6578315795603262
42673,1.89953125,4.39057952238448
52251,2.4253476000000003,4.15847068894152
127029,6.348673249999999,3.244472681533469
341383,2.4999785,4.129683797031708
98844,2.738907,4.042985957357032
32076,2.202684,4.249938058596376
3900,2.394954,4.170448888214288
34695,3.2816248,3.871275168043787
176818,1.333024,4.726970085434257
72722,3.09368975,3.927290879923909
69719,1.8109416,4.435943812306303
154304,7.531766999999999,3.0821613654320537
134655,4.5878475000000005,3.5530120079262857
13982,9.834757233333336,2.828752134046371
22210,40.73343999999999,1.47891732724563
112917,1.975596,4.35328619723292
86753,3.445981,3.824856804581204
26001,8.796190000000001,2.9347575316165986
33561,1.491782,4.620093463201136
139298,1.0829436,4.9243144583160285
359651,5.919330375,3.3109824769389693
127740,4.94425816,3.481949227469864
170036,3.1705589,3.9039787079707455
52258,3.242275,3.882733419822429
125726,95.942404,0.6651955343675214
43986,48.754512,1.3081861586687489
93746,4.5681525,3.5570982935341857
39659,7.339329500000001,3.1067451535738653
7098,1.16566919,4.854394832670667
26398,4.032433,3.6755796183809584
111372,95.67860425,0.6678107613000651
25360,1.360208,4.7077952258821245
159032,6.667794875000001,3.197889627348627
43105,1.6992453333333333,4.496412828860339
45713,1.0,5.0
40621,2.80691,4.019690987511443
37465,8.14376,3.0079581113372216
180496,18.137041,2.247421677776253
56804,12.3375139,2.6134040248092925
26519,3.112601,3.921502362969033
172618,1.639264825,4.53054642311524
143598,10.5033712,2.7662782028298967
19061,1.82507,4.428562259094947
74829,1.3489316,4.7157023661609285
302553,1.306948,4.74573443966844
234010,7.18606,3.126790885579112
331939,1.1134,4.8979703216344666
79574,19.5120505,2.178011645043477
42698,2.83276,4.01098360258762
16213,5.5584750000000005,3.370726617971449
218429,1.105878,4.904409065235348
32833,7.427317,3.095425787988166
63503,2.7361345,4.043947928454058
154139,21.924721,2.06727752633186
49394,8.6882698,2.946483099492488
19107,2.7644525,4.034168010233061
103100,5.9368511,3.308175199094312
31767,1.89045,4.395131365115075
18762,1.75959975,4.463261581319155
187227,1.1453613,4.871088361556451
232915,5.409390749999999,3.3965500663223938
114907,16.500296199999998,2.3372550867878825
46267,3.7128898,3.753997388390783
335709,1.469429875,4.634433010165784
18651,4.229563000000001,3.630245202696409
354028,8.576269700000001,2.958806976381109
119678,10.1398249,2.799736631578975
209731,2.300178,4.208800835025677
98918,33.90325155000001,1.6532484445180162
229860,5.15005964,3.443213693096716
270883,3.5272814,3.802707800631133
120519,10.834578,2.736789253655949
8665,1.668592,4.513703682758523
37625,2.4097378000000003,4.164603683020724
80413,1.824974925,4.428611740949848
61932,2.0765098,4.3059669921821735
123243,1.333892,4.726351801088678
31167,3.6137605,3.77970140102528
157270,71.521881,0.9442042538229144
51715,3.738056,3.7475810724874856
32306,6.6650763,3.198276970149865
125487,7.2892564,3.113247673267365
237314,20.7674831,2.1187835852769323
83668,11.375084,2.690548790174848
192495,3.7544118,3.743434154532829
242309,2.1956933333333333,4.252957345079112
192148,1.063287,4.941713366973494
63209,1.199241,4.82742569087144
46544,17.668577,2.2722774738946807
159894,2.2063605,4.248354011696387
33102,10.904497866666668,2.730679286750394
31403,1.984702875,4.348917821099167
64915,1.0,5.0
15411,1.4700992,4.634000459344372
14357,8.229270799999998,2.9980366947270105
207870,8.197543000000001,3.0017058408854544
10958,4.453153,3.5813157169478766
300894,1.094138,4.914546410239789
146201,8.58715095,2.95760262601999
353652,1.53097932,4.595458341635008
159273,1.9570043,4.362267107920586
343629,1.09017425,4.91799363703962
4205,7.205683,3.124200704509208
35889,1.2426385,4.79366090030655
151829,1.868154,4.406400311829137
25825,1.8625813,4.409237900212765
25395,3.367185,3.846827935518824
15509,2.372397666666666,4.1794370814905575
71205,6.668197866666668,3.197832222501813
81666,9.1347795,2.89888193043474
94964,2.2370955,4.235213959006056
60160,4.755768,3.518868088706724
132049,2.6970226,4.0576233902385255
183686,4.098877875,3.660056161587196
194116,3.227883,3.886958985219836
267501,1.77022,4.457545987354811
125515,2.619005733333333,4.085504512209495
87908,14.630109666666666,2.451516944564105
62459,2.176725,4.261198499233639
25396,9.830045866666666,2.829207263726736
162392,4.2013315,3.636606413227999
108497,1.1414922666666665,4.874302335683813
67422,8.965200000000001,2.9166805295877785
38517,2.5786103333333337,4.100268861401752
204842,1.120657866666667,4.891798776030633
33501,4.491360499999999,3.573201018482724
4049,3.728856200000001,3.749921608933514
26431,2.008571625,4.337562915445849
28383,3.02681,3.948049710758929
324363,1.4110406,4.672945978869188
49547,3.3558969666666667,3.850017476100834
97685,5.958,3.3047976079404644
397920,1.4489605,4.6477573643050585
95222,2.246321,4.231305016457807
28564,2.0087099000000004,4.33749752877184
278221,7.856266199999999,3.0420956639112045
166252,1.6634628,4.516627940769802
333618,1.5440257000000002,4.58739853453231
81160,35.84915859999999,1.6002389792638994
98923,4.921192066666667,3.4863907899280955
237769,2.625328,4.083214380045
89696,1.15584763,4.862431742165459
27864,28.45353473333333,1.81969601127944
201073,1.0080155,4.99241695363491
141437,1.6103498,4.547450093697103
24155,5.925937500000002,3.309922868206207
191777,3.901184,3.7070094637201794
44058,5.163534,3.4407318391260486
103974,14.695266600000002,2.44729613649369
239027,3.5005311000000003,3.8099386353609352
28165,21.5132925,2.085271009877282
115335,28.621459775,1.814106823683136
52230,6.224912266666667,3.2631715998482806
16533,1.5325951,4.594456424784195
72467,1.10773,4.9028197201069394
90502,2.04506388,4.320460967298618
11757,2.4806935,4.137039288875155
181230,6.9117886,3.1637532997698576
89439,6.567656666666667,3.212262619502448
69300,1.33424,4.726104030483305
90001,52.4716269,1.2383972383192403
376120,2.6072,4.0897957744274605
61402,4.7768504,3.514666762568386
59243,34.2887487,1.6425092869256968
92494,5.709764533333334,3.3452197721124795
84665,1.6093995,4.548010775590805
183806,1.455037,4.64378237700901
147797,1.9872483333333333,4.347700402327306
243805,5.14675107,3.4438240944116654
27742,1.436885,4.6557063630346605
292607,1.7751161999999998,4.454922494730021
38327,1.028333,4.973462537013647
78552,6.453823,3.228869929737094
261637,3.3782426,3.8437138565145537
86793,154.69585594,0.2114474178466558
17987,15.130847225,2.4195513997907168
409522,3.3869633,3.841265084150672
29172,2.1845485,4.25779076217458
8534,10.4116244,2.774611440738264
162379,7.782096000000001,3.051105549704169
318626,3.99682366,3.6840046061325618
21961,8.7513595,2.9396108177700206
58210,10.609376,2.756740093856748
149627,6.5354545,3.21693124878047
78897,34.638272,1.6328761397668865
131270,13.06125775,2.559257871680009
317152,17.600766999999998,2.2759298437071185
89168,1.4611846166666669,4.639777725354447
53605,2.632923,4.0804705032036965
23225,1.3903892,4.686950087427707
142464,1.0171,4.98389514079461
298216,1.7336653333333332,4.477365206819
107268,8.27467425,2.9928105669016425
143344,2.3936158,4.170979764177141
13467,4.3037923000000005,3.613720093498616
190372,7.520386625,3.083597634675817
252121,7.15102855,3.1314325726424563
83083,2.6221999,4.084346790239571
49125,1.262236,4.778798073740976
26380,1.69845,4.496857503749959
226004,1.1402394,4.875345417022484
23121,3.0104475,3.953198307415224
29017,94.620976,0.6783686609759598
119124,1.8625595,4.409249017316245
50657,4.6026336,3.5499557245828104
16067,1.1467458,4.8699409057880425
88885,94.905084,0.6755209710361453
104732,5.8636042,3.319966830891334
37199,9.894047880000002,2.8230430746824533
67172,1.2788833,4.766352847057412
207947,8.9336705,2.9200268671941862
160483,1.136153,4.878755555870292
88420,2.355214,4.186341924415322
52728,14.302812,2.473007467890243
52999,2.2184104,4.243180665116859
85966,6.2441066,3.2602473199382014
8599,7.7277065,3.057767301169488
4423,1.941834,4.36965871689976
4417,4.076141,3.665339652648549
172804,2.2053595,4.248785038215211
48600,1.9386451333333328,4.371219810535679
74039,3.7029465,3.75654450316906
76138,7.4033512,3.0984955834313315
133908,16.484564999999996,2.3381610802665165
46369,2.24523782,4.231763138720013
103890,17.8126056,2.2645661155495143
131427,8.9191056,2.9215766815959383
164519,1.161999,4.857390169614511
8814,5.16099055,3.441199823119549
17776,3.2768555,3.872656599518096
261929,14.5044459,2.4597106852611144
54084,1.89103238,4.394838800214846
187317,7.164514750000001,3.1296429571257853
258049,8.678377000000001,2.947565233763872
139174,1.39256,4.685468277605185
209436,13.704375400000002,2.5136043427931685
43165,2.146282,4.274576355797673
82297,1.452918,4.645166648258777
194466,34.205024,1.644831385090506
93256,1.49951516,4.615182391760203
103799,49.036804,1.3027024126327291
284507,2.0385018,4.323513639672436
129403,3.266855,3.875559791942077
21224,9.040517,2.908734265889129
4667,2.941768,3.975118562311021
100542,9.91578635,2.820958458262305
28208,2.2553142,4.227509923845063
99843,1.7976397,4.442946374883539
111276,32.78783,1.6850237414517737
163079,6.160052533333334,3.2731202051151227
265210,20.025000949999995,2.1533641179131413
113229,1.2262656,4.806259016285956
229368,4.1951863,3.6379967331105023
32441,3.1740944,3.9029201349082503
31037,2.54281775,4.113545461806089
68613,8.112318,3.011632395810597
12436,2.156986,4.269851087753907
203857,2.659352,4.070983702323944
169081,4.0496645,3.67152940873007
4952,1.843228,4.419158861552909
24986,5.8531276,3.321665433695274
14835,2.313653,4.2032527108456925
93732,1.81354,4.434581934853802
50564,9.549765249999998,2.8566831464404943
62343,9.132395,2.899129903093673
82982,13.606814500000002,2.5203903586544563
13162,4.1068548,3.658209462526989
256821,8.444932,2.9734653455417166
139060,3.477914,3.8160954718472495
15478,1.0879088,4.919969505595159
41246,1.9852461,4.348657881363191
13640,1.184086,4.839505386965497
90229,2.8544456,4.003740035850011
17767,6.550884458333334,3.214691369375458
36784,1.2278312,4.805047115605015
82591,1.431692125,4.659145263922249
179903,2.2128129000000003,4.245580318664803
292029,3.1427282750000005,3.9123529994891744
124215,8.6729306,2.9481615205515186
186432,4.437583050000001,3.5846425253676
145346,2.5024896,4.128730216087692
51306,7.172623999999999,3.1285684826712705
33269,10.5379736,2.7631542032436824
218229,1.308062,4.7449251766208
109700,6.119295333333333,3.279425544677021
55977,2.6494608,4.074523104564929
250065,5.521728933333333,3.37702664690689
44919,4.2186055,3.6327091249646166
234683,2.55925,4.107427170356565
312198,32.39333,1.696521364667853
239520,3.4103237500000003,3.834736407632317
455672,1.2793,4.7660434118743344
128373,1.041086,4.9617554924235
123769,1.243003,4.793382328672558
148031,1.0795297499999998,4.92731342664084
101585,2.040321493333333,4.322666136780001
28983,3.0663182,3.935731975624264
59772,1.2425125,4.793757215679487
135297,6.265305,3.2570281458517165
221217,1.801788,4.440757027173143
48494,4.312622,3.611773400914656
52267,24.6995526,1.9540854708404576
96154,4.500257999999999,3.571321233770391
26306,2.0752075000000003,4.306562875364067
18914,4.0509451,3.671229096066529
114210,2.120269,4.286158706961716
83205,1.433400875,4.658012295768588
144970,2.36512075,4.182355010212407
103403,110.40846399999998,0.5318019969388339
22169,9.051625500000002,2.9075678771415028
269713,2.273196,4.220008633299367
90331,2.610406,4.088628507612416
404027,6.9519142,3.158255089312066
45940,1.771315,4.456958632663458
274546,5.1644335,3.4405663901235077
28008,1.0736389,4.932510739339308
82191,7.1956452,3.1255247835400075
191417,6.094822,3.2832319012169515
63080,9.2420675,2.8877911289628404
118826,6.8595439,3.170960161770595
348802,4.7511544,3.51978997608829
5024,2.9117934,3.98484636742238
69500,2.647856,4.0750986012545765
30362,26.534808000000005,1.8860087085918296
151234,18.64285295,2.221295020921672
32973,67.8386575,0.9944231607257996
136834,5.369282500000001,3.403618908054729
7553,2.8520143,4.004549410603831
229275,5.14054675,3.44496979405023
294481,2.8816395,3.9947339307437177
497021,47.892703,1.3251260663667497
226723,1.0,5.0
138459,1.0036288,4.996559479980602
123406,1.7956864,4.443979017889708
103547,2.0095141533333334,4.337117307357141
29411,7.392682000000002,3.0998654065182434
145935,3.683652,3.761506630107994
309131,1.161192,4.858050051919432
22984,3.061074333333333,3.9373577261032753
19324,3.0896988,3.928516984905028
143794,4.64014375,3.542246218759454
277668,3.638563,3.773204625963993
87629,18.9397992,2.2062851379722264
105977,2.1858353,4.257231430602591
24796,4.1474389,3.64886923730723
154129,3.479924925000001,3.815546437692839
161980,1.454192,4.644334145200033
19921,1.549881,4.583803357306751
110683,1.8913273333333331,4.3946906615836605
92651,2.495489,4.131391057569672
253141,2.554742,4.109101734634873
153446,2.3630041333333334,4.183205425676027
6670,1.9999572,4.34164535533661
32204,3.6451876,3.7714768693656895
46479,1.05625441,4.948016447181864
114822,1.5208424500000002,4.601768266013807
13269,1.0,5.0
26775,16.8933265,2.31489567375074
98127,2.1825900000000003,4.258642693302198
38584,1.1061192,4.904201922083847
101273,34.768564,1.629310036946909
46233,4.876817875,3.4949942549122306
10510,1.4020259999999998,4.679033574268529
223211,3.691191,3.7595646760002928
294196,32.378442,1.6969580096124934
61278,3.878439,3.712563471375868
76907,3.627628,3.7760634679567686
84098,79.31413431999998,0.8459791142373541
36561,5.854110500000001,3.3215059439618666
46775,2.9073195,3.9863068871314047
82886,32.6719746,1.6883859130638537
29476,5.706056500000001,3.345836813564352
354701,3.3048698,3.8645708461078914
274535,12.1153975,2.6306600133432605
89486,9.49807335,2.8618384673706894
162190,1.450859,4.646513658834463
149110,1.666474,4.514910105258687
87058,1.5957546000000002,4.556098045043114
17309,1.1032445999999998,4.9066735795241465
149182,2.0745086,4.306882819758756
339284,24.83007806,1.949079261624334
31754,3.42442375,3.830817409098225
170732,1.8713752500000005,4.404763926973696
34556,3.060377866666667,3.937573860417278
80617,2.1907,4.255119869499769
25621,94.9012,0.6755598438950208
135664,10.636185500000003,2.7543429252671503
271545,1.848114,4.416644386800715
192977,1.450818,4.646540500696295
20824,1.82670575,4.4277113352285165
28969,1.547309,4.585380899786929
158671,1.12474,4.888345174678534
39145,1.245831,4.791223781679109
51885,1.3813729,4.693129565285169
357019,2.69475,4.058424089278421
38067,9.0137132,2.9115545675247305
119643,36.13368,1.592730256373237
64580,33.3330106,1.6693602088226192
20751,24.107856099999992,1.977116448507986
57535,2.133296,4.280340749463501
64639,11.277908000000004,2.6986979710620336
148225,76.3219392,0.8825058622675703
30006,1.668257,4.51389439830702
51230,8.8047465,2.9338340287244478
108467,5.829313,3.3255379045555777
60811,3.0434198,3.942851687701173
9370,2.4445904,4.150964405818067
106430,3.28039,3.871632636123599
82077,4.917582749999999,3.487087676076946
111758,18.11650165,2.248497930187362
45348,3.0626408,3.9368717845532326
29984,2.8225130000000007,4.014425686740597
4545,14.049394733333337,2.4899875094286728
55661,9.009676666666667,2.9119800188888245
121498,6.6140306,3.2055794485813385
32386,11.855213000000004,2.651280420162513
60904,1.9904455,4.346173497862647
54266,14.83306955,2.4384306915209826
38305,12.264895999999998,2.619011213150174
13307,6.647864,3.200733052994009
121853,3.0130408,3.952380440645753
89204,6.976435,3.1549107272799524
168333,15.5688824,2.3924443809440885
15725,32.3608555,1.6974740566529083
43115,2.55912,4.1074754194905
129706,48.15252145,1.3199871314412253
139755,88.9007905,0.7375985716863999
369106,4.129771,3.65292413097982
240744,2.315009,4.202696189174402
211600,32.823182,1.6840001771256523
39864,64.39768124999999,1.0438663819030445
63639,7.575506000000001,3.076661376281132
92110,3.6225555,3.777392547504695
103457,8.8002965,2.934314205086706
56999,2.1570669,4.269815463899883
5366,2.526409133333334,4.119694534167126
26476,4.357051,3.6020381876451646
5453,1.5727952,4.569863337575857
5478,6.568628,3.2121221527345845
6442,1.85076,4.415285453242619
120492,1.7119797,4.489321186182328
34569,3.0014165,3.9560519847677176
39681,10.30136125,2.784724199340536
36806,6.4018575,3.236548851669462
311020,12.530072,2.5986939563961817
410663,33.63558999999999,1.6607770146804253
88945,2.0338242,4.325695658943277
63790,17.591783999999993,2.276414739602151
128746,1.14282,4.873198172448433
39618,5.080204,3.4561854633171154
134627,19.855813866666665,2.161423163883732
68787,33.173286,1.6739225496554773
103767,1.324288,4.733215330548682
23198,1.169581,4.851212668439595
6627,2.9489612000000003,3.972798865955876
25219,4.881226,3.494136093442693
43728,10.1484236,2.798931501383762
130023,6.866749,3.169963002255212
63724,13.047636400000002,2.5602489536175392
24054,1.3599915,4.707946420033674
46241,3.0412157,3.943539824200342
22057,48.485051633333335,1.3134503401600082
238099,3.001886,3.955903417472411
274926,12.5981465,2.593547578537418
140836,1.429877,4.660350244931576
168867,1.8176129,4.432451161584492
53503,1.17470725,4.847058660609811
224947,9.88697,2.823722798402111
27680,1.047069,4.95631253037805
350894,1.8092585,4.436827004501084
61849,1.1191486,4.893078845086149
92803,1.27734832,4.767493570634375
7702,9.63009725,2.848726620614451
43364,2.1232126666666664,4.284840923003116
106089,7.314399999999999,3.1099769475250434
252250,1.3864395,4.689652136055456
59026,1.3102385,4.743346049363562
114638,2.320282,4.200535169097344
185430,3.79622425,3.732914430066195
45329,26.101729275,1.90163900397955
136746,6.451092166666668,3.2292719221856614
114487,2.19067351,4.255131354989747
102655,1.3960725,4.683075495648524
321529,4.4095508,3.5906616683545347
149438,26.5461705,1.8856020660327095
188444,1.0,5.0
94846,1.30477708,4.747313483942806
11266,1.0964945,4.912502904169378
28683,33.57505750000001,1.6624879299244837
45711,1.3738712,4.698301803651877
12975,7.68187985,3.063416752315181
319522,6.72707175,3.1894828878774133
52757,3.4379004,3.827086719413805
168890,2.7040204999999995,4.055162069679647
116989,1.569416,4.571906281936086
144905,44.56008575,1.393632518649161
223104,4.4609392,3.579656411302443
280223,6.8597090000000005,3.1709373008108765
284999,1.142054,4.873835033041883
183784,1.5618032,4.5765248744980696
15104,1.6442916666666667,4.527638192110818
134741,1.7736432,4.455710999024434
203770,11.2801086,2.6985126528740127
167348,34.5512936,1.6352642198486225
135323,2.8647351,4.000322297837832
142062,1.083896,4.923479489034988
7036,34.4541306,1.6379390475959477
269136,2.597688,4.093267447200702
134023,5.606024875,3.362635834484024
101635,1.3594351,4.708335095951855
151474,50.15597600000001,1.2812679277452668
215139,35.1488257,1.6189781532520102
27193,6.1949012,3.2677619419242894
113547,7.826881250000001,3.045655008914644
264859,6.673394999999999,3.197092218540836
12367,3.3243528,3.858987785714547
109597,3.776863,3.737771107117509
131628,6.983338999999999,3.1539712197227976
64961,3.878004,3.71267000936593
30008,12.979599999999998,2.5652147865621218
332093,22.763225,2.031628836975848
15414,8.654050474999998,2.950231471162059
184198,35.961166,1.597275935775751
84474,3.841454,3.7216646054429394
116971,6.515474799999999,3.2198394584376877
112712,29.467196,1.786446825777326
7404,1.198399,4.828092813974733
7435,5.7557504,3.33760054380394
35267,1.619283,4.542195575930641
19507,5.70859128,3.3454149659368784
82827,3.3510868000000005,3.851379895412044
274110,7.2809256,3.114333847825831
99966,1.02153116,4.9797660226931
154348,2.5404400000000003,4.114434052862193
212054,15.7075116,2.384024252184492
81687,7.220325,3.1222725926314205
133563,19.586996,2.1743703340372043
77666,1.70213,4.494801741726274
354158,2.720123,4.049522561120749
86071,1.9268978000000003,4.376992895842775
191110,4.094452749999999,3.661082151171953
108908,1.3316532,4.727947339250805
52282,4.6619846,3.537785900443584
37336,8.0910015,3.014131532443501
234373,57.316090875,1.1545184926322989
32639,1.3810724,4.693336212063034
19590,52.1432028,1.2443610104321343
225416,1.662902,4.516948210563397
83207,5.47151,3.385704707630345
153714,4.7819138,3.513660483644632
15229,2.3881195,4.173163313147851
184921,29.52086575,1.7847184291387903
150490,2.53163,4.117733711050321
16655,6.7552266,3.185515837068207
97096,1.02379688,4.977661656623295
110076,42.245977200000006,1.444286597974186
219572,4.2811176500000006,3.618737551027689
137725,1.2270525333333333,4.805649673133787
9808,3.0477796,3.94149199216558
140839,64.7402855,1.0388265312414864
161751,6.28201275,3.2544985847415355
117372,2.4727845000000004,4.14007240859885
34011,1.997485625,4.342819899727732
23931,1.6925043333333334,4.5001883678109005
108651,2.1007732,4.294932801352648
323581,6.637625599999999,3.2021970239545774
112901,2.938679,3.976116458709609
103175,1.0,5.0
431561,1.162602,4.856897396790719
190605,3.866822,3.7154127577742018
63831,1.7932492,4.44526905860646
77397,2.2103215,4.246650336994207
183349,4.308275699999999,3.612731135326645
26217,48.0848839,1.3213222562967013
237789,1.5804555,4.565248398427951
98137,11.0898337,2.7146712986081667
37423,9.538960166666667,2.8577584450477445
95312,16.844312199999997,2.3176555288077
125519,36.828312,1.574643983755959
42982,1.395694,4.683333047479665
149257,1.4980596,4.616104831426983
26230,4.5292354,3.565224806895966
102234,4.589238,3.5527241726189067
103611,8.423847933333334,2.975839717647071
44403,2.495517,4.131380400255064
471814,13.330620500000002,2.5398686593861277
52213,1.423621,4.664515079068552
211001,27.24065625,1.861072526303352
128503,1.009775,4.99076045472154
61807,34.1666165,1.6458985165703268
16742,2.2060103,4.248504784144943
138972,1.690192,4.50148693774034
42635,1.580338,4.565319017107107
203211,32.5981237,1.690535324513326
66703,4.13202,3.6524070088673417
24306,4.268961000000001,3.621438534602672
39840,8.60128075,2.956040997590238
203834,12.292934,2.616842335374863
462563,6.0854375,3.284695535355492
30094,1.6759370000000002,4.509531768450201
238239,2.215561,4.244401448022506
31566,2.949371,3.972666882172629
203866,1.2542071,4.784859129155679
149931,1.40927291,4.674136635736675
20624,8.9168755,2.9218142043299444
279315,29.0818508,1.7989498261070769
34110,5.488194000000001,3.382812832483745
17978,3.087882,3.929075669306935
106611,5.907475975,3.312886578390682
155754,3.2594955000000003,3.8777019718753816
85839,1.94055642,4.370283841745759
84822,3.835823,3.723057942673645
186352,8.9255758,2.9208878916916
277797,3.2212005,3.888927410662863
84052,12.296492600000002,2.6165674139266653
41051,6.402592100000001,3.236439866386394
308876,1.49190136,4.620017468392593
25625,1.0,5.0
47924,4.48003325,3.575599534624535
25551,32.281836,1.6997962207707955
148513,2.32929125,4.196854269809436
36638,34.593136,1.6341146449065889
90402,3.0687474,3.934979795364878
20644,10.306804000000003,2.784222484536961
47422,3.451394,3.823365960845741
79275,5.265462,3.422164798929072
110548,63.78420250000001,1.0529582690711785
187519,1.00430491,4.995919824902518
14031,1.204556,4.823225354849376
172769,1.0063,4.99403481453726
81853,5.47260655,3.3855143695967223
135647,3.66550175,3.766198262846528
95532,5.6810977000000005,3.350000586536716
261672,4.3894548,3.595000318486968
279060,2.672203875,4.0664044854109065
181242,1.1205825,4.891862656591268
85853,1.941728625,4.369710261730991
209819,6.919368,3.162712291404589
185498,3.040527,3.9437549437546338
126578,7.152486,3.131239006787085
87722,3.4298637000000003,3.8293097243807264
171094,1.4222415,4.66543592224212
26778,1.9828707333333333,4.349795047991109
70935,2.673592333333333,4.065911086360148
76944,12.759595,2.5814525426985155
14325,3.6341941,3.77434579747362
268707,1.445568875,4.649983275902907
121064,1.056819,4.9475088765871496
92492,1.5476420000000002,4.585176505710782
60402,1.462897,4.638665252561616
40104,6.813884999999999,3.177303640222835
71472,2.1771482,4.261013849905934
373111,10.400456500000002,2.7756308155539986
62581,1.7434,4.472046730672476
209427,3.9646173,3.6916893638609616
104409,5.970529,3.3028023110520537
128901,5.009666500000001,3.469466115211402
115809,1.56087188,4.577091439824019
26845,13.5188796,2.52654864363755
154029,4.0980815,3.660240723755523
314560,9.0568454,2.907020283668858
74046,3.4072309999999995,3.83559818296371
50428,1.11919,4.893043709079219
79606,8.295817999999997,2.9903866111485
104240,7.9890635,3.026174457219427
110496,7.329375199999999,3.1080342840429616
167613,8.7126525,2.9438212244842807
42280,1.063317,4.9416865683507245
52762,1.6414155,4.52930108069432
242778,6.721860500000001,3.1902189796628213
116152,3.996925,3.683980523261636
106668,10.28128,2.7865775927881
105260,1.517759,4.603695973641742
136822,21.8138645,2.072092292562965
147494,12.182067425,2.625447490878206
54915,3.9366525,3.698412849576103
199209,7.28249425,3.1141292313819573
31710,7.586427,3.075293062326462
72994,1.43385335,4.657712513295508
27968,3.4173398,3.8327843233561127
57629,1.8743913333333333,4.403234317492851
121838,6.828088,3.175325846904357
99952,3.4496805,3.823837638442354
304705,3.50681275,3.808235699585144
112259,3.147524,3.910904680785412
88437,2.7755895,4.030349151488756
63460,2.566442,4.104761691114681
53950,94.620976,0.6783686609759598
159349,6.028919400000001,3.293558278996272
205169,14.8863926,2.435022277445792
278278,2.90141644,3.988237403817852
221118,2.6945853333333334,4.058482132075708
39942,2.549677,4.110986733628811
94123,1.33084625,4.728523090593662
203018,2.1040063833333336,4.293472087899025
26213,4.7965043000000005,3.510766776558831
118761,1.2784,4.766711864711534
25446,10.36717425,2.778675231191172
88486,17.814542,2.264462865119647
348723,6.719668,3.190528842002479
60224,1.012914,4.987812367021766
149675,23.9718811,1.9824889431030548
106005,2.8404568,4.0084063384248045
125530,35.20752705,1.617393177146562
75369,1.9499856,4.365679765432911
464936,8.741839000000002,2.9406446936967026
284322,1.02521325,4.97634851813673
51104,2.361252,4.183909975293302
81858,1.539728175,4.59004591787399
169862,19.418158,2.182593305093658
44858,1.0506585,4.953061933177346
27144,1.942866,4.369154055522023
20570,7.600602,3.0735199827860185
135452,2.2943527,4.211209382540086
49490,5.962805,3.304031895542952
276860,1.778778,4.452965146369314
42768,2.2708630000000003,4.220983956740831
92839,1.879373,4.400713242507994
103838,3.655244,3.768860059762692
186693,32.695017199999995,1.6877162584786356
23744,5.863998,3.319903042105947
18583,3.2664315,3.87568293205823
101417,13.6339038,2.5185012487808454
132291,1.95951775,4.361047984762763
193307,2.527679,4.119217232261087
209794,2.2958892000000004,4.2105735029948415
126311,6.2997253,3.2518242326468187
78954,1.6311080000000002,4.535284505709965
153642,3.871061273333333,3.714372006058016
35348,2.1639901,4.266771811156816
87864,2.298639,4.209436561583963
128435,1.1956035,4.830311076495188
149363,1.36405,4.705116136145575
35620,1.012903,4.987822682047623
63734,4.9224341,3.4861510965761298
149748,3.93203,3.699528820282873
111231,64.5323778,1.0418817485040557
94674,4.60201178,3.5500840567335428
348549,1.6783749,4.508151096925418
226479,2.8662063,3.99983463057187
19541,4.246021,3.626556396672107
32321,2.8648475333333336,4.000285020065957
53405,1.329483,4.729496550349633
92466,3.96955694,3.690506672380665
221743,4.6091891,3.548603844493899
145287,5.448601999999999,3.389689801593516
129615,7.2784275,3.1146597937778635
97023,1.59465232,4.556754377245833
198440,2.0134844000000003,4.335242547691025
81989,2.488872,4.133912968521272
427998,2.066127,4.310728191756424
106715,9.498772666666667,2.861768536292593
107101,1.14885048,4.868199225123104
242083,1.7698032,4.457769653087086
36182,3.191349,3.897770752491189
215843,4.991835000000001,3.472853004345308
137451,7.08874875,3.139741110981529
141402,2.169058,4.264549972227639
57602,1.2456096333333333,4.791392568887591
96991,17.990453999999996,2.255129609119201
288830,1.0,5.0
119045,1.584652,4.562729695981604
139989,2.946239666666666,3.973675852497149
84419,2.84730975,4.006117506736254
62860,3.64,3.7728295761318407
92216,2.21247782,4.245724160278864
352673,4.177205600000001,3.642076501991489
100116,2.296802,4.210195942767798
87698,125.959425,0.4066394488900632
21617,1.583892,4.563185346328607
19424,1.6687041333333332,4.513639853788811
18458,1.614547,4.544977675478365
276903,95.439829,0.6701841277835027
225529,2.78130155,4.02839643983371
17515,2.2985159000000004,4.209487429829938
65202,2.7790453,4.029167277994988
102914,22.4274945,2.045742098151868
115086,17.5477062,2.2787976215564005
20736,1.1684729,4.852112999671047
20080,1.5049497,4.611746226985078
56268,1.013695,4.9870802863590855
105993,1.027913625,4.973849977666768
8542,1.563354,4.575582199894086
8554,6.205833999999999,3.2660871458697494
42401,1.8352,4.423304807547658
48331,1.271662,4.77173134929615
82102,8.970533833333334,2.916115595018619
26557,2.61019505,4.088705267949043
34784,2.1618660000000007,4.267704594478908
15021,11.424831,2.6864039078616524
42870,39.51178825,1.5078400788170956
99476,2.2726146666666667,4.220251569218537
200044,6.0944062400000005,3.283296696641817
31320,2.513051,4.124730011256923
104529,1.4782436,4.628752867239457
8619,8.141815600000001,3.008184920371068
11630,6.702367,3.192977515759135
267283,6.898162,3.165627747656336
77430,1.727635,4.480674843499678
69173,49.40988733333333,1.2955032058186395
11644,2.6900616,4.060078076313518
42369,1.3970912,4.682382663896044
24582,95.2758453,0.6718175266414861
91161,1.3825511,4.692319778295848
302120,34.25766832,1.6433706364893923
187128,1.52020275,4.602167871395952
184585,32.814007000000004,1.68426571957038
62708,1.09470625,4.914053233663504
82486,2.6147246,4.087058420400147
176669,3.70189,3.7568155422261142
166069,2.533935,4.116869298797443
94424,5.3314352000000005,3.410337861838388
33201,3.6290414,3.77569346465323
56558,3.15567175,3.908449095686797
42169,40.36729900000001,1.4874937138431708
16221,4.737019666666665,3.522619954641856
90746,2.4257372666666663,4.158318096777522
41541,4.181524333333333,3.641094993681728
36322,2.860818,4.001621943994728
31607,1.6613131666666665,4.517856171357794
19315,4.7834605,3.513353311402729
13214,2.1163911,4.287897512245921
170897,5.946292,3.306665953179733
150473,1.3990806,4.681031101243442
60981,4.183729850000001,3.640594142088816
14979,3.6564635,3.7685432191486106
15835,2.217925,4.243388516657599
19817,6.395476680000001,3.2374960367870225
73166,37.1818748,1.5655687835407468
63787,5.153253733333334,3.442624783604704
127444,2.1678605,4.26507450438593
44410,1.1550766666666663,4.863065503687668
107205,2.000122,4.341567090539378
128566,15.97124155,2.3682088859459
162873,1.263077,4.778165430832127
96727,14.9634856,2.4301160102584265
322625,1.4706579999999998,4.633639486043559
64776,1.990546875,4.346125123264687
326509,6.206257550000002,3.26602232161045
48490,4.3013165,3.6142666525009046
78194,9.023066875,2.910569420268573
250232,2.03883,4.323360728094347
16286,6.260495,3.257757632708819
27808,1.6903700000000002,4.501386912651815
127497,1.8358293,4.422979160059778
135918,1.2160895,4.814174052731616
22171,5.591315,3.365131418633172
57258,3.1054280000000003,3.923693785524479
100005,6.34268625,3.245368827988542
111128,2.300069,4.20884584649545
241141,1.0,5.0
14537,2.608689,4.089253468668908
33568,4.9547887500000005,3.4799283623279025
82276,10.4509795,2.771027912179459
31656,6.661207,3.198828540891907
80427,2.622536,4.084225053200057
61333,1.565844,4.574070574281648
100770,4.1833571,3.640678771480141
91792,1.58923016,4.559989520874952
173677,1.5363236000000002,4.59214847250571
9272,3.518330633333333,3.80512114663435
48219,2.10069,4.294970419777718
226112,1.352717,4.713040654245056
24786,26.581601000000003,1.884335191536591
59186,5.6778616,3.350541790849584
248350,10.51612675,2.765125400750572
153647,8.74667,2.940119932020344
59829,4.6506089500000005,3.5401064114680176
38212,2.515719333333333,4.123722021386551
24344,2.946048666666666,3.973737430730352
104352,2.1750704,4.261920773961331
87420,14.722319375,2.4455491773082567
56276,2.08615691,4.301564443010228
93429,1.508787,4.609327434956686
164457,1.76561,4.460022768553372
28261,12.5203796,2.599428967056726
109070,2.01535,4.334362883335357
108401,4.257725450000001,3.623941714959565
96921,2.420639,4.160316501400677
58383,1.2468302,4.790462286703714
31215,2.2391965000000003,4.234322327260919
69661,94.620976,0.6783686609759598
59635,1.127120625,4.886336879749028
63179,2.65323,4.073172802914362
149540,27.252216000000004,1.8606695434238545
110506,1.985305,4.34862970127472
40557,2.100991533333333,4.294834090214099
278735,6.589565333333334,3.2090993951628604
86112,4.7136928000000005,3.527308850487433
17617,6.4687,3.2266829433078983
78959,49.15914600000001,1.3003356207474317
38088,6.5536026000000005,3.214297338807208
241181,1.355157,4.7113289081783245
100353,53.34484626666667,1.2227204251610018
28324,1.039491,4.963211805758848
144169,2.2411135,4.233509511863733
170114,1.2761565,4.768380219914328
118477,4.9592293000000005,3.479077488950602
259573,2.6704,4.067045888915369
49337,11.455834566666669,2.683829833329479
174350,1.169056,4.851639124549822
97439,3.6062334,3.78168187372245
223748,8.04878905,3.0190999890609382
41788,2.7748688,4.030595814215082
205653,2.18286,4.258525200139753
139670,2.7033145000000003,4.055410096859017
63346,2.4795276,4.137485806002378
274742,1.79570635,4.443968465329335
338863,1.736628,4.475743417044376
18147,4.297230000000001,3.6151694790854862
47850,10.990452941666666,2.723221540060877
14221,1.72035,4.4846885229194
115660,1.0497294,4.953902245684803
31662,3.57272,3.790550132507477
84221,4.015000000000001,3.679694840554685
73087,1.4484392,4.648099152584501
77482,2.7900400000000003,4.025416875100606
100952,10.4550425,2.770658719337833
109699,39.7015995,1.5032880810517286
14953,2.2936615,4.211495574103053
12564,1.094138,4.914546410239789
134963,1.5083452,4.60960560427222
51140,2.379638,4.176542691468147
17092,3.355166,3.8502243873525615
15301,2.722812,4.048584058398543
101642,2.10503,4.293010097953104
82770,1.166431,4.853774281888467
98849,2.385066,4.174378568431602
22612,1.155823,4.862451982435555
151029,1.8856704,4.397535859672136
14106,17.263660299999998,2.294298451042885
34965,2.1098828000000003,4.290822931491308
146140,49.935024,1.285461474228468
49543,4.4300324,3.586260066898973
132764,2.716682,4.050724877659233
168745,3.135808,3.914446836962496
12450,3.122060475,3.91862010839785
56419,35.43684316666666,1.6112267104080675
289342,1.203806,4.823816940128227
9029,3.004868,3.954960343681227
144573,3.3968161,3.838505992652917
301108,2.285371066666667,4.214934967242439
9058,5.23400175,3.427856920902618
115633,1.4388625,4.654400060839111
48799,4.309068,3.6125564750719046
86937,5.07441075,3.457269232288524
84030,6.393203799999999,3.2378336571418296
118145,2.741345,4.042140851624207
219899,2.0867875600000003,4.3012773493217935
58961,2.972676,3.9651910878142576
83648,10.441434,2.771895848667565
98628,7.747942133333334,3.0552833329485667
39881,8.938765250000003,2.9194853440878523
18066,3.0274348,3.947853664349767
53879,63.99438626666667,1.0498334899643231
33420,5.420255526666667,3.394644234717976
57042,31.959375999999995,1.709331724015757
28670,5.125592299999999,3.4477369998357257
140878,63.491884,1.0573212980654787
132446,4.338290633333333,3.606136765540561
66895,1.151011,4.866414651020078
16465,1.0273856,4.974338019762497
232918,1.890032,4.395341407507345
66315,10.270739099999998,2.7875519115902896
10840,1.0815835,4.925508132268989
130301,1.29347416,4.755577479921817
131168,2.914366,3.984007549351279
229948,1.079245,4.927563999629296
71895,1.517759,4.603695973641742
79159,2.158830466666667,4.26903921920629
36847,95.252623,0.6720490651355985
261024,1.345646,4.718018704827932
99325,1.4796285,4.627863426734733
33257,34.820052,1.6279044887267424
43285,1.3321828,4.727569664157302
156595,3.6284165,3.7758570347262728
138317,1.4641556666666666,4.63784837292883
82889,2.6810904,4.063251012566928
170375,97.31320736666666,0.6517205527833334
55282,10.542213,2.7627721641575627
160446,7.630222700000002,3.0698255285384
280594,6.081157341666667,3.285363831035843
85511,1.6221463333333332,4.540517493419634
23938,4.221834,3.6319824945072594
26194,3.0936630000000003,3.927299092828108
25534,24.57502075,1.958886522057793
326866,19.5465195,2.176335196202707
167760,1.650408,4.52411161276241
104975,1.0,5.0
73927,1.209671,4.819200538835198
9265,9.3760416,2.874121062669972
102351,6.620447500000001,3.204658370743441
123565,2.655076666666666,4.072511941538786
16037,2.5708778,4.103121428788612
291504,125.72702,0.4083935863023499
60560,7.554481,3.0793012039481664
108262,1.70556495,4.492886878745325
220417,2.76265475,4.034785897531764
190516,2.0637732,4.311810891155305
400513,4.236377000000001,3.6287162118554654
52494,5.960365599999999,3.304420554888119
120106,15.1334505,2.4193879940555485
47666,1.957741,4.361909617004572
51595,1.125,4.888125632046311
72490,5.0627024333333335,3.4594633413177496
317045,12.00580575,2.6392909857704243
32959,3.855987,3.718077969735304
62754,10.678538399999995,2.7505682303173598
38846,2.370584,4.180163494968419
111662,1.757383,4.464458940320745
63786,2.8329445000000004,4.010921741108769
168824,1.88635805,4.397189545440127
140050,3.9906956,3.685462040555176
346344,81.7917022,0.8167627362186206
310800,17.578863733333332,2.277112600680527
221429,1.11395651,4.897495685177875
84076,1.0303135,4.971634979515303
89925,3.350409,3.8515720309334687
34657,1.57793,4.566767406827362
50575,4.9779564,3.475497468685261
364824,2.1390362,4.277788400109589
55792,3.4062352,3.8358758228553818
103243,3.1509495000000003,3.909871523231712
9327,1.4820804,4.626290754101447
25745,27.4855242,1.8525725531772463
238248,4.965783,3.4778230965510635
54202,9.274041033333337,2.884510786445831
204548,1.03429391,4.967972554749609
98035,2.1619,4.267689656405751
42282,1.7202146000000005,4.484763282489457
87085,35.163515749999995,1.6185812637909307
181143,4.6480482,3.540629559751007
38432,1.4468536,4.649139501544344
146373,6.157494499999999,3.2735147167568868
94989,1.931777875,4.374590379791404
55710,23.0460662,2.019899526965655
9490,3.806816,3.730268011346864
9531,8.776754500000001,2.936858546865923
43397,6.243673940000001,3.260313137128016
73825,4.8471129,3.5007974414506204
55936,4.4908252,3.5733142306388044
85683,1.11054,4.900413308057884
198480,11.6419677,2.668521064066672
53133,3.954765,3.694052693981486
109454,6.240639000000001,3.260774947113054
81211,1.0208088999999998,4.980437827911071
22221,1.14822775,4.868714218756546
213402,4.377943,3.597494629592528
9872,11.3517568,2.692498641700924
74146,1.7710885,4.457080096788392
78707,6.2634545,3.257308727244693
313811,5.692646,3.3480717624701777
272309,2.0148815,4.334583713019435
36336,2.3936322000000003,4.170973256353597
29668,8.919896000000001,2.921492512195325
118885,3.0877375,3.929120118631337
101104,1.7074475,4.491839059095879
58516,2.205094666666666,4.248899107096201
17254,1.6297461666666666,4.53607786599436
69063,3.15210875,3.9095221387303503
200728,16.4652931,2.3392721693520757
19420,47.935488,1.3242779096173294
39165,6.364719,3.2420750819610835
114392,2.32949895,4.196769578043095
95315,5.0693252,3.458221628976365
105941,12.047364,2.6360087995767563
10053,11.240248793333333,2.7018749664185027
191490,11.527079733333334,2.6779409961411296
10111,1.0767924,4.929724968288001
9973,2.1825527,4.258658925907663
33454,3.9699237333333337,3.690418910244609
10095,138.01783780000002,0.3198026474366899
63750,4.4937016,3.5727060509199418
472445,129.379021,0.3811967954064836
227391,4.770050000000001,3.516019925173555
58086,1.0426905,4.960292754509453
10162,3.984322,3.68698024791884
100417,5.82029775,3.3270079958096157
90059,10.5966206,2.757882744041868
78711,1.582525,4.56400546798487
116849,1.8009022,4.441224102163591
124372,1.2048145,4.823021540476209
234531,1.57590882,4.567984835158597
79760,2.7316522,4.045505210585903
155564,2.634209,4.080006688383019
118768,1.371146,4.700187758538898
10481,5.0754015,3.457083800613796
171834,11.487198500000002,2.681232917888708
159837,2.515823333333333,4.1236827559864935
18995,1.1009844,4.908621486253674
277095,7.9696695,3.0284830484594325
53326,8.224339500000001,2.998606043091164
39401,33.192992,1.6733584850144598
37087,7.368471,3.102981214478353
387168,3.950993,3.694959065078304
39911,1.601867,4.552466737145636
415193,2.218,4.2433563981826605
136864,13.550269000000002,2.524345785854691
61726,2.9163032,3.983376397412268
156590,3.6305134,3.7753082740578296
21761,1.228756,4.804331971597213
133751,1.144475,4.871823643976086
92855,1.108396,4.9022488232653645
67437,5.622928,3.359776230331715
78824,4.7124442,3.527560483393181
107317,1.59465232,4.556754377245833
48167,2.404669,4.166603730839757
19984,32.37883532,1.696946471485976
154636,1.16992,4.85093740133601
92963,5.062452,3.459510327301623
174692,7.32814335,3.108193936359122
171221,1.8834885,4.398635544646506
32349,17.911751925,2.2592939242980994
50101,1.02986876,4.972045068781772
83950,39.07581435,1.518378820332377
122878,2.0751498,4.306589285350248
154356,3.357666,3.849516910724141
28141,17.832758,2.263492122133357
34510,2.41453848,4.162713305356798
26276,1.156847,4.861610850416633
119540,1.36037,4.707682107891915
20616,1.7744086,4.455301194866988
74365,20.64311263333333,2.1244889700468224
39444,3.4176626000000003,3.832694606777735
41670,3.2985572,3.866386850394068
168785,8.540417386666666,2.962785994842926
34099,1.205826,4.822224443225834
10628,1.71,4.490420191641506
15843,1.7461362500000002,4.470557143250661
141796,2.0237496,4.330412379248136
15518,7.477888499999999,3.0889804249993817
45182,9.88639,2.8237785202316585
68358,1.332973,4.7270064257224265
39653,4.680460966666667,3.534028959144107
158372,2.3317038,4.195870993519519
266161,1.7923276,4.445757330014208
172362,2.097189,4.296554729700397
19653,3.451394,3.823365960845741
30415,3.574386,3.79010731719656
56366,63.81076475,1.0525628030554284
18663,7.559313800000001,3.0786937642611587
22855,42.10394,1.4474854614066484
24466,9.4579815,2.8658562518317074
121491,18.72726825,2.217003855589045
61632,2.5572188,4.108181324684288
234707,1.809453,4.436724900327965
371704,19.592488666666668,2.1741040149004904
27360,2.8019443,4.0213728259740895
85782,2.8812349,3.994867302715495
31683,5.8142153,3.328001130662307
110329,32.7839266,1.6851368262134876
286031,3.2911076,3.8685344220465088
110635,1.782163333333333,4.451159159465504
17449,5.665790750000001,3.352563240627591
26857,7.497959,3.0864345041951133
28460,3.3339812,3.85624073487318
10757,2.16807,4.264982717726849
10785,1.207876,4.820611020528352
60382,1.02153116,4.9797660226931
220520,1.3438524,4.719285575307678
222156,2.9983993,3.9570072941991232
40830,2.3972589500000003,4.169535188937681
87860,1.0667015,4.93866808103263
23144,9.092702,2.903267256406756
303592,2.827742,4.0126676474999
159327,4.944051,3.481989025512525
135753,5.873525666666667,3.31836102917331
94822,12.0895438,2.632689081725316
14814,5.615225925000001,3.3610781694683527
139511,23.29902881666667,2.0095305782108035
59633,3.272265,3.8739881416989546
24678,14.3273321,2.471380508711536
155616,2.9707360000000005,3.96581116214848
10836,1.4567265,4.642680127296491
62910,1.450117248333333,4.646999385799951
273515,4.0687552,3.667062274513644
92022,2.360667,4.184145325824289
73341,9.89687,2.8227721881650507
311434,8.640826,2.951684047305358
30004,1.7223690833333332,4.483574406553518
144195,2.70193275,4.055895711492526
34713,1.071069,4.934787021672896
163705,12.149576799999998,2.627984165203351
60404,2.1793604,4.260049213392761
25388,6.3616376,3.242535043846529
316858,1.76122145,4.462386588630926
74401,2.8125490666666666,4.017784689873458
135272,3.900328375,3.7072178084467993
32080,29.661343,1.7802092915213377
328537,1.2924625,4.756320660865175
40015,10.559928,2.761177414251674
100481,19.739958,2.166981544770672
36172,12.4278153,2.606477264656148
56322,3.553035333333333,3.795797918431156
26068,2.428624,4.157188424499168
74088,2.47132,4.140635112070065
49591,2.8491758000000003,4.005495214849473
81048,18.80884325,2.2128754122093497
48343,1.007044,4.993332821478971
81856,2.7718045,4.031645300061156
210467,6.6718249,3.197315719519045
143892,1.20954203,4.8193018115458415
169388,1.0870189,4.920746779797192
70534,51.6976088,1.2525127777220149
63909,2.214117,4.245020707836299
272020,9.475147849999995,2.8641338537739243
283020,2.1439005000000004,4.27563087067322
49596,3.2501298000000003,3.8804351151485017
26472,3.0445,3.9425146231333006
229398,8.754164900000003,2.939306380710665
202181,4.9846135,3.4742280888035
57515,9.7073752,2.841134972950974
79774,9.708424499999998,2.8410323079921413
11252,5.5480375,3.3725118585659866
111777,11.70679015,2.6632470580226446
323657,64.06953100000001,1.0487188113668766
13126,4.1843830833333335,3.6404458497710266
39900,10.257394,2.7887868641817817
137262,5.760708500000001,3.3367826927951567
98724,1.6126,4.546123782314238
114719,1.2131415,4.816479401962904
52366,2.081212,4.303818549841083
74560,1.123488,4.889403067983199
44809,4.349488,3.6036883493602967
44263,1.2456358,4.791372615817253
159268,95.2503595,0.6720716364352595
98273,3.212035,3.8916338908542634
290442,4.822207000000001,3.50569055302584
56201,6.398142000000001,3.2371002750447158
47961,3.848813666666667,3.71984660213818
167707,2.9219188000000003,3.981549166048062
236034,2.77765748,4.029641731686833
154133,27.9897016,1.835307254311832
15654,3.7255963333333337,3.750752342881349
99247,19.102539375,2.198158553228248
12539,1.2956108,4.7540097797775225
51780,1.4141,4.670888789777574
107356,6.889866166666667,3.1667707200892354
179895,2.1470248,4.274247687494872
214590,4.5010066,3.5711632457554057
106969,3.1921135,3.8975432432575854
11523,10.046707399999995,2.808499585218732
30084,1.030144,4.971791252493769
14577,3.424891150000001,3.830687774948858
160194,3.2148,3.890816601467293
195530,63.970784,1.0501838703497255
11661,94.620976,0.6783686609759598
43427,1.8546184,4.41330733299903
186347,1.9983756,4.342396797546235
96523,1.4700992,4.634000459344372
36316,7.447818000000001,3.092807651690204
241030,12.1889425,2.624911593327308
179035,2.89680294,3.989748923548025
43332,1.731202,4.478715768717447
19962,5.7055049,3.345928637739036
46975,1.097657,4.911496426280988
57770,9.771812216666667,2.8348508594547885
286395,2.6890220000000005,4.060445219801308
62571,2.547208,4.1119069588586985
99799,1.60864288,4.548457422067842
107059,1.014858,4.985991177601138
53996,3.038698,3.944326479435066
282040,2.131611,4.281091279727914
40879,36.897612,1.5728583557642395
297900,2.7848360000000003,4.0271901662608505
463068,8.384326,2.980306515463324
88438,8.8968277,2.9239521198469105
138288,7.861339000000001,3.041482552743895
220872,4.38738,3.5954493906867078
304982,6.087824999999999,3.284322959895937
99086,3.580865,3.788387187979091
63812,1.0538406,4.9501895441617005
88589,1.70372,4.493914893123688
356881,1.0254895,4.976092613931527
94164,1.8338164,4.42402117982026
129042,2.700233,4.056493427664128
45181,7.074599,3.14163895641788
130184,4.211240399999999,3.6343688531521847
253442,2.3651447,4.182345391922747
107133,8.199966483333334,3.0014250778062106
113483,2.009638,4.3370587707264
61755,2.361481,4.183817862503403
39945,2.1818598,4.258960519854747
21157,1.6176023333333334,4.543181928449396
195561,1.843228,4.419158861552909
12522,8.027223,3.021648405467114
12466,4.138834826666667,3.6508417637362784
157876,2.8987316,3.9891167445874967
454978,1.304842,4.747266225518278
77300,1.7656007000000002,4.460027771630106
132469,4.5286486,3.565347873778177
222166,3.492229,3.812194003194438
203676,1.3160937333333331,4.739110857307934
67570,1.42129,4.666071587699718
17073,6.3112696,3.2500852460988443
57123,3.421921600000001,3.8315116855022175
39705,6.831823750000001,3.174806320327209
196585,2.146262,4.274585206812885
157032,3.880669666666667,3.712017335505094
19097,2.456844,4.1462152189669
69372,2.1741026000000003,4.262343497847781
31884,1.5816,4.564560816941221
61851,1.580016,4.565512569251995
57872,3.09697885,3.926281586578616
31516,8.1440132,3.0079285802228832
87824,3.4781016,3.816044238806345
69498,3.460084,3.820977451623735
100988,3.4028611,3.836817162514458
105670,20.54054,2.1292203234474725
56746,2.995796,3.957832326978677
107142,7.2921635,3.112868936029558
51919,1.91325,4.383744304328964
335007,34.897727,1.6257880010440149
104393,2.4903820000000003,4.133336878269072
12592,8.7311028,2.94181193988549
12867,13.4724116,2.529819101787817
67954,6.5366315,3.2167602041619743
99709,2.35256,4.187412859645298
12761,1.6883753,4.502508414595551
15773,1.164942666666667,4.854987017771438
38693,1.2503765,4.787764552740082
69983,5.431682666666667,3.3926438743377485
21955,1.19558,4.830329746000223
199171,1.9069175,4.386893292562148
86067,2.452583,4.147863983678108
97291,2.732052,4.045366204613986
135350,6.943562,3.159396929567611
119092,44.69471,1.3907672198830854
125046,16.724116000000002,2.324457572767816
33573,9.19202185,2.8929484427988843
35257,37.5108548,1.5572017440085588
56260,1.12615825,4.887148227919147
48398,1.3194347,4.736702712955901
192863,1.28013025,4.765427181007816
13704,4.3491816,3.603755262864297
215911,1.3986414,4.681329320459436
107570,5.8987765,3.314286355553474
40208,18.493458,2.228937202417047
152400,2.470352,4.141007228884031
42256,1.5604086,4.577373400540735
126687,1.21490525,4.815099469264157
65162,6.915524,3.1632401109447703
94624,7.95021,3.0308050898903
486496,7.583540750000001,3.0756544947756934
25094,7.673863099999999,3.064408509586808
29920,6.286919733333333,3.253756943181621
121307,7.6214568,3.070917362845756
14689,2.24643,4.231258928019166
247150,3.651049,3.769950778504008
30165,15.623645599999998,2.389109221990637
84776,1.8013105000000005,4.441008780425994
109825,1.196096,4.829919895744922
17197,4.055413,3.6701820746855343
211485,6.571926,3.2116453762444013
14995,1.491095,4.620530984547066
77004,2.75324,4.038028331125424
31286,5.198608,3.4343017755958622
17480,4.933436200000001,3.484030497168307
13716,1.240779,4.79508330892084
17233,64.2181872,1.0465175278181873
43026,4.4263,3.5870606605565265
139735,1.209693,4.819183264580696
76060,2.55004,4.110851514418125
17596,1.2310521666666667,4.802558680057028
67714,3.0300376,3.947037406768701
28398,7.740920000000001,3.0561445793774147
201513,2.728876,4.046471025661464
271217,1.650408,4.52411161276241
62761,2.7617668,4.03509123461432
52469,7.518149666666666,3.083880207359885
64356,13.2982265,2.542179607936982
56864,6.866423999999999,3.1700079585300034
27931,5.375727500000001,3.402479461402274
70005,1.086536,4.921168830322813
228780,5.1652890000000005,3.440409060969543
349189,1.507434,4.610179578020786
54919,1.095702,4.913189652570307
222273,5.08260575,3.45573651964042
122587,1.417148,4.66884368734662
229232,1.98295482,4.34975476966841
82288,16.981359483333335,2.309958834724195
187260,3.8992122,3.707489665821924
138314,6.2924671000000005,3.2529192108532667
117317,3.023759,3.94900761892056
210692,2.1724554,4.263063408703248
41426,8.396781,2.978896574098206
26297,1.164329,4.855487501827801
86941,5.834967750000001,3.324616960336414
29765,1.354985,4.711449471234344
33843,6.603941,3.207029512232111
71065,1.7546076,4.465960180490454
20597,3.5820797,3.788065040094077
35618,4.8722426,3.495885777430825
52172,1.659496,4.518895681504698
161835,1.3142056,4.740474515124351
15990,35.230992,1.6167603468250815
17251,10.0316838,2.809921007204533
19871,6.00276795,3.2976873064154075
35625,2.8861446,3.993250137547289
67470,14.081646,2.4878096040173645
86711,1.269152,4.773607980079887
19259,3.5975146,3.783981071138164
90485,3.693446,3.758984586165943
75453,1.234195,4.800136876210156
312986,1.101958,4.90778191937193
277130,6.05705025,3.289136673545011
126997,1.0545318,4.949566764717273
55600,1.30756,4.745289768161598
137562,42.393428,1.440977170889504
107740,2.461326,4.144484022794804
49051,4.6855805,3.5329905890080617
97115,1.808377,4.437289891907778
213660,34.2657832,1.6431456685031138
204629,1.273431,4.770410959700772
13745,1.8389039,4.421389732430433
13707,10.979202600000002,2.724194332864584
64131,2.2197995,4.2425860943743565
65009,3.017916,3.9508448192272185
104729,3.206024133333333,3.8934130358950334
103254,1.20597916,4.822103806098968
150131,2.6021970000000003,4.091620178478389
14052,1.92707475,4.37690567509669
81668,6.1415255,3.2759812405220448
166309,3.085868,3.929695379000565
14059,3.4626234,3.820280611729757
57287,1.4196255,4.667184608754771
32142,2.790690875,4.025195318669847
30018,3.875261533333333,3.7133419556628864
105380,16.502746000000002,2.337114075297276
105281,4.27179,3.6208092968809567
74301,3.31066,3.86290817292212
62995,5.003353000000001,3.4706639116776605
283524,32.56771041666667,1.6914219112458628
41705,7.080888513333333,3.140794902700798
118030,51.84193175,1.2498648428918306
341648,1.060828,4.943912535664749
48529,2.8687414,3.998994893147076
15875,4.3123038000000005,3.6118434855237
28091,2.5391112,4.114931002220577
91246,1.5573033333333333,4.579265486691263
122012,1.6050779,4.550564725051282
50453,6.372703,3.240884342093346
123599,2.0884136,4.3005375197451405
23143,6.876646700000001,3.168594901264317
135879,2.829046,4.01222973681376
59367,8.971836,2.9159777266560734
25757,12.317374999999998,2.6149557350961103
56651,1.0373279999999998,4.965190304941623
108947,7.96187845,3.029412048853417
62130,3.443574,3.825520490775165
178146,10.097366800000003,2.803722186464702
32728,49.1704526,1.3001171840454293
327922,2.213665,4.245214631163098
82944,1.81173982,4.435525240169117
329804,1.395623,4.683381367491871
164551,1.4459747,4.6497166594748
21770,2.313918,4.203143925441248
37769,2.7790002,4.029182692596113
80398,2.995796,3.957832326978677
122151,2.7518646,4.038502945951786
67426,39.6619602,1.5042368986271129
77567,6.091004,3.283827095584523
100281,7.735602426666666,3.0567972859270123
72968,10.74142,2.7449914433441
271830,1.6128026666666666,4.546004417526104
335597,3.480381125,3.815421927532512
78490,1.200798,4.826193300712605
95606,10.19761195,2.7943388746576403
43998,2.4229768,4.159399614964953
96003,1.5167442,4.604331261744161
238546,3.017258533333333,3.951051767475094
26425,8.8258458,2.931560611223428
20713,4.586636,3.5532628611255177
90136,3.371096,3.84572533905879
376897,36.75890425000001,1.5764357591478009
287618,1.1200515,4.892312852407301
395883,6.564998500000001,3.212647129396907
424189,8.962119999999999,2.917006901816517
257904,6.580342950000001,3.2104296606921574
55777,4.479602333333332,3.5756908998211703
79595,25.23916465,1.933557831580703
457972,3.5725217000000007,3.7906028535072345
27136,4.88466,3.49346810875766
241826,2.874732,3.997013486057043
270670,7.364502,3.1034929771012085
185469,6.353065000000001,3.243815852539147
111734,73.403824,0.9195345858961808
34493,7.309622000000001,3.110597612411415
98934,1.6083653333333334,4.548621315554423
344336,2.2759732,4.218848913778334
87378,3.333885,3.856268142159864
15031,4.231876,3.6297259135294144
15038,2.96163,3.9687270975392006
19666,7.790138000000001,3.050124499949914
118325,6.0012952,3.297920372247199
135281,6.969067600000001,3.155914321072041
166669,3.51230308,3.8067497845564833
124810,1.6537148,4.522210404288937
317078,4.8892184,3.4925821298579702
253459,1.59616,4.5558567711507605
95569,4.618771000000001,3.546631313076168
37638,1.2365226,4.798347246359191
113150,4.86271875,3.497744250621992
100513,2.0151987,4.3344341936909885
226968,8.035374000000001,3.020684414389667
95409,8.1973384,3.001729547808892
95534,32.385639999999995,1.6967468769243437
141490,14.54565825,2.4570156911276846
261606,5.447150933333333,3.3899427942810605
110936,9.1576155,2.896510406368685
316646,2.78017025,4.028782865443353
99103,4.3951467,3.593769445887002
166409,1.8368345,4.422459224927995
79506,1.5789487,4.56615439864222
191459,18.2994564,2.2389538638247912
235204,1.7764756,4.454195381428943
25348,4.51855965,3.56746628081179
102451,3.38448215,3.841961148679781
135997,5.477397333333333,3.384683237351957
32844,3.9391888,3.697801088941955
112368,1.1346,4.880054766226944
123832,36.448844875,1.584481541071716
48771,2.302528,4.2078309226247965
125152,1.188276,4.836150241434503
486659,1.0254895,4.976092613931527
119178,1.0603288,4.944359609916312
54305,11.549778,2.6760724922423003
69240,1.0459785,4.957302278011225
139668,1.4572175,4.642360032848037
16216,1.621238,4.541049509422269
203463,2.226524,4.239713084499249
243900,1.6587580000000002,4.519318179438566
38041,3.5179586666666665,3.805221570788624
61070,21.0041815,2.1080190314084
17140,18.112173,2.24872490510868
97169,1.372847,4.699010154688025
149952,1.721752,4.483914770270048
48743,32.69740241666666,1.6876469672478784
120416,18.7130612,2.217724700962238
24617,2.209302,4.247088544498685
76861,13.142861900000003,2.5533419567169093
81141,1.7690788,4.4581585103482295
234344,1.01804,4.983017712891556
131916,7.33728,3.1070104308401434
152441,1.3476989,4.716570754196143
170285,2.182345,4.258749320047047
344319,23.256736,2.0112563013037037
37120,1.48192415,4.626390896734818
207872,6.62092825,3.20458940013925
83506,94.82921175,0.6762806235754437
46461,22.010465000000003,2.0635701244263167
133959,7.815961,3.046981165581237
51736,1.906865,4.386919443136324
29199,5.2968020000000005,3.416528148582925
95145,2.3190671,4.201032632728596
126936,1.6885605,4.502404231795463
112525,1.68464,4.50461212134971
186426,3.120492,3.9190974103991447
49401,48.41008466666666,1.3149200983686875
109884,5.936239946666666,3.3082729822917245
90674,3.1118360000000003,3.921735837337202
46286,1.88275275,4.399006652365466
155430,1.00286994,4.997277936744709
249492,2.1906920000000003,4.255123338111775
27628,36.46074545,1.5841714700797271
83141,3.8222656000000006,3.726421000415141
39405,3.72435635,3.751068527096213
17591,16.807779941666666,2.319717784297355
122636,9.1340543,2.8989573397188533
129937,40.371659,1.4873911294729585
53767,3.61316,3.779859248479719
116195,3.3133600000000003,3.862133853771893
102035,6.2482472,3.2596176733343354
53520,2.1197336,4.286398584781714
119023,1.344968,4.718497396809188
101803,2.8446122000000003,4.0070178092165065
113661,1.7639193,4.46093273974092
62355,1.1679844,4.852510177111726
89007,1.716239,4.486960991751329
376278,3.0926880000000003,3.9275984901485006
62180,94.740572,0.6771688778099791
494369,7.1076973,3.137205547719124
98845,3.633056400000001,3.77464319371694
374987,14.983522333333337,2.42884499316141
36944,1.9303234,4.375305798792327
210212,1.0210646983333334,4.980199844488457
140088,2.12551,4.283813750181253
43072,1.0764708,4.930008692744112
63271,4.191574500000001,3.638814834840357
62480,6.542354240000001,3.2159289997807847
137575,1.747362,4.469890613963813
25254,4.9826682500000015,3.474598834861236
134513,4.71807375,3.526426475615048
251220,3.38938,3.8405875905339912
95104,5.610492800000001,3.3618791310596814
105404,2.130531,4.281572643827299
336497,6.37593,3.2404034881270363
287183,1.868353875,4.406298693880784
104171,65.19168795,1.0322267814412625
25972,3.2646822,3.8761917412040727
29387,10.9001466,2.7310583786834512
64446,1.33675016,4.724318747392673
388511,1.38511,4.690563398731401
68485,2.0625590000000003,4.312369880975787
79388,1.593812165,4.557254936724378
103701,1.7390948,4.474395178537029
108310,7.336242000000001,3.107144812757649
41934,44.4358326,1.3962847746940472
264533,113.86061733333332,0.5025582629504999
172588,1.7234942000000002,4.482954141407415
31371,2.066119,4.310731869501868
62275,3.7442009,3.746020944783148
69629,1.077079,4.929472193202392
110743,2.5324885,4.117411667733335
104861,1.618,4.542948452635364
60891,2.1821658333333334,4.258827302965692
37437,2.3958336,4.17010010453408
352996,78.7344385,0.8529468132975608
190835,1.6822792,4.505944121949866
34087,32.7816935,1.685201527042573
44908,1.125,4.888125632046311
99435,5.388939,3.400147992566368
39808,4.731274,3.523772735105571
154126,4.4119600000000005,3.5901428590668187
89575,10.5865509,2.758785776643334
104052,12.2288185,2.621809291976728
64070,7.9018972,3.036594767738424
51803,1.261282,4.779516231464657
186256,9.1076185,2.901710338043636
61794,1.9765408,4.352832061399573
256223,2.8815530000000003,3.994762442950273
57335,1.4587762,4.641344593840699
29455,4.546474,3.561616530641132
300501,4.181572,3.641084166248095
480215,2.74435,4.0411002351205205
24423,1.76545,4.46010884666538
155290,5.9896,3.2997731956627883
36634,14.128561800000002,2.4846503024097872
121848,12.840237,2.5754683790930457
61982,12.443363499999998,2.6052896879994774
201386,1.861571,4.40975324842937
115849,5.18846,3.436157722164422
161457,2.878325,3.995827071562678
100474,36.930330000000005,1.5720164880371288
25499,64.85837074999999,1.0370956266813638
91266,8.553524,2.9613294421217087
120753,1.3064048,4.746129296422992
21726,35.6672095,1.6050720510383811
53685,1.2866653,4.76059062275943
22524,2.810988,4.018312028697674
45672,1.151038,4.866392370411569
93373,2.8895,3.992146512026581
135416,8.83636,2.9304297503156893
294620,1.39140625,4.686255551081295
23687,3.3140345000000004,3.8619405158796822
427328,2.1248565,4.284105826981683
154576,1.16398631,4.855767102034303
65582,1.2785068,4.766632517037259
57370,1.11076575,4.900220245850791
110624,1.0,5.0
18121,5.164632999999999,3.4405296991129286
18157,1.0944215,4.914300332372305
35027,5.172925125,3.439005906667903
18487,3.1153964666666667,3.9206496875033343
110710,70.2404824,0.9613759412951912
94219,1.924358,4.37824567656982
77689,9.36532175,2.875207651965263
73844,3.498376,3.810523580395559
128577,2.286150333333333,4.2146111475963846
34125,64.3711145,1.0442583093224944
47249,1.16680675,4.853468354861839
196990,7.908767999999999,3.035769233596851
247394,4.009987333333333,3.680881435171461
146196,1.976407,4.352896361682121
121897,2.1641103333333334,4.266719038931894
47391,15.8484735,2.375538296912125
98584,1.321118,4.735491711710448
100762,5.2952514,3.416806246328486
49446,2.0450966,4.320445770545996
211580,64.17156434999998,1.04720736456597
57679,2.58499,4.097921805489526
235909,1.31892991,4.737066170579198
129971,2.65137,4.073838900973374
60506,1.436301,4.656092487178697
138131,1.473284,4.631944978781124
151388,1.534875,4.593044494064189
49896,1.01701,4.983979192382394
28851,12.649418,2.589689820568357
150023,1.324447,4.733101295996441
121399,6.526256,3.218269060135248
67204,6.11199888,3.2805587726724776
331489,3.11579248,3.920528957076626
144926,1.2552456,4.784072979264677
202935,26.0097,1.9049938401319613
83235,8.93590564,2.9197892552166467
58315,2.449146,4.149195995727486
219251,9.3332544,2.8784655148907548
244245,1.3449656,4.71849909172265
166005,2.5060240000000005,4.127389660706527
63803,5.516863,3.377864041882429
81916,3.4780855,3.816048635563393
57830,22.8611955,2.027549623085472
52168,2.3894303,4.172642107554226
86644,4.96486,3.4779996605594845
131988,2.324742,4.198711168916746
123658,3.1919036750000003,3.8976056801144754
286303,12.753267999999998,2.5819236463749995
155458,1.0376552,4.964890749949986
193205,30.638516000000003,1.749422032185199
62237,1.5450516,4.586767643844954
150212,3.896628,3.708119376498641
99870,48.57032508333332,1.3117812792218355
64588,16.648854999999998,2.328741614539404
117321,2.2991520000000003,4.209224605450638
38966,2.1686473333333334,4.264729820907805
166796,1.3350805,4.725505873940667
200623,3.50392,3.809019535866784
342728,1.297677,4.752496219995433
201058,1.433985875,4.657624728185088
44030,1.5559803333333333,4.580072757083093
31040,2.02749,4.32865846607629
63869,10.3191768,2.7830829400539905
58262,1.1919048,4.833254023297773
130019,1.216042,4.814211153628134
32541,1.7837052,4.450337750637246
39902,8.4985108,2.967458165943558
